Files,Labels
CR.1.2.840.113564.1722810170.20200313090023421700.1003000225002.png,0
CR.1.2.840.113564.1722810170.20200313100318375460.1003000225002.png,0
CR.1.2.840.113564.1722810170.20200317090830828260.1003000225002.png,0
CR.1.2.840.113564.1722810170.20200317104341875470.1003000225002.png,0
CR.1.2.840.113564.1722810170.20200318082923328940.1003000225002.png,1
CR.1.2.840.113564.1722810170.20200319202613984410.1003000225002.png,0
CR.1.2.840.113564.1722810170.20200320011259312440.1003000225002.png,1
CR.1.2.840.113564.1722810170.20200320071047906500.1003000225002.png,1
CR.1.2.840.113564.1722810170.20200320072856343530.1003000225002.png,1
CR.1.2.840.113564.1722810170.20200320103403375580.1003000225002.png,1
CR.1.2.840.113564.1722810170.20200320170359875720.1003000225002.png,1
CR.1.2.840.113564.1722810170.20200320183426328780.1003000225002.png,1
CR.1.2.840.113564.1722810170.20200321001546031810.1003000225002.png,1
CR.1.2.840.113564.1722810170.20200321002029359840.1003000225002.png,1
CR.1.2.840.113564.1722810170.20200321123520296900.1003000225002.png,1
CR.1.2.840.113564.1722810170.20200321172326140930.1003000225002.png,1
CR.1.2.840.113564.1722810170.20200321174111187570.1003000225002.png,0
CR.1.2.840.113564.1722810170.20200321175414968590.1003000225002.png,0
CR.1.2.840.113564.1722810170.202003211812003285.1003000225002.png,1
CR.1.2.840.113564.1722810170.202003211940047348.1003000225002.png,0
CR.1.2.840.113564.1722810170.20200322160314468140.1003000225002.png,1
CR.1.2.840.113564.1722810170.20200322194859750610.1003000225002.png,1
CR.1.2.840.113564.1722810170.20200323115834968210.1003000225002.png,0
CR.1.2.840.113564.1722810170.20200323124328265260.1003000225002.png,0
CR.1.2.840.113564.1722810170.20200323182218359470.1003000225002.png,0
CR.1.2.840.113564.1722810170.20200324165957625920.1003000225002.png,1
CR.1.2.840.113564.1722810170.202003241816485934.1003000225002.png,0
CR.1.2.840.113564.1722810170.20200325010134750210.1003000225002.png,1
CR.1.2.840.113564.1722810170.20200325012424140230.1003000225002.png,1
CR.1.2.840.113564.1722810170.20200325212815187370.1003000225002.png,1
CR.1.2.840.113564.1722810170.20200326010813390400.1003000225002.png,1
CR.1.2.840.113564.1722810170.20200327151518468570.1003000225002.png,1
CR.1.2.840.113564.1722810170.20200327154027828590.1003000225002.png,1
CR.1.2.840.113564.1722810170.20200329163846250860.1003000225002.png,1
CR.1.2.840.113564.1722810170.20200329171322703880.1003000225002.png,1
CR.1.2.840.113564.1722810170.20200330111806125940.1003000225002.png,1
CR.1.2.840.113564.1722810170.20200401005822484360.1003000225002.png,0
CR.1.2.840.113564.1722810170.20200401171818781600.1003000225002.png,0
CR.1.2.840.113564.1722810170.20200402113955515630.1003000225002.png,1
CR.1.2.840.113564.1722810170.20200403010103781780.1003000225002.png,0
CR.1.2.840.113564.1722810170.20200403175115515840.1003000225002.png,1
CR.1.2.840.113564.1722810170.20200403202154234940.1003000225002.png,0
CR.1.2.840.113564.1722810170.20200403211237078970.1003000225002.png,1
CR.1.2.840.113564.1722810170.202004040240155151.1003000225002.png,1
CR.1.2.840.113564.1722810170.20200405065153640420.1003000225002.png,1
CR.1.2.840.113564.1722810170.20200407121512859570.1003000225002.png,1
CR.1.2.840.113564.1722810170.20200408094743609850.1003000225002.png,1
CR.1.2.840.113564.1722810170.20200414125255421550.1003000225002.png,0
CR.1.2.840.113564.1722810170.20200415140158375640.1003000225002.png,0
CR.1.2.840.113564.1722810170.20200416020138312830.1003000225002.png,1
CR.1.2.840.113564.1722810170.20200416105826265860.1003000225002.png,1
CR.1.2.840.113564.1722810170.20200416110930703890.1003000225002.png,1
CR.1.2.840.113564.1722810170.20200418154808640220.1003000225002.png,0
CR.1.2.840.113564.1722810170.20200421093909390550.1003000225002.png,0
CR.1.2.840.113564.1921681134.20200409131843311120.1203801020003.png,0
CR.1.2.840.113564.192168196.2020031913094890017.1203801020003.png,0
CR.1.2.840.113564.192168196.2020031913311637123.1203801020003.png,0
CR.1.2.840.113564.192168196.2020031914133530635.1203801020003.png,0
CR.1.2.840.113564.192168196.2020031914434008949.1203801020003.png,0
CR.1.2.840.113564.192168196.2020032008575844669.1203801020003.png,0
CR.1.2.840.113564.192168196.2020032009002413573.1203801020003.png,0
CR.1.2.840.113564.192168196.2020032009520943077.1203801020003.png,0
CR.1.2.840.113564.192168196.2020032413222814777.1203801020003.png,0
CR.1.2.840.113564.192168196.2020032712415994976.1203801020003.png,0
CR.1.2.840.113564.192168196.2020033016123149069.1203801020003.png,0
CR.1.2.840.113564.192168196.2020033114232007518.1203801020003.png,0
CR.1.2.840.113564.192168196.2020033115253391026.1203801020003.png,0
CR.1.2.840.113564.192168196.2020040116564476574.1203801020003.png,1
CR.1.2.840.113564.192168196.2020040117583329780.1203801020003.png,0
CR.1.2.840.113564.192168196.2020040312424081329.1203801020003.png,0
CR.1.2.840.113564.192168196.2020040314541260251.1203801020003.png,0
CR.1.2.840.113564.192168196.2020040610405214785.1203801020003.png,0
CR.1.2.840.113564.192168196.2020040618163888999.1203801020003.png,0
CR.1.2.840.113564.192168196.2020040708262888222.1203801020003.png,0
CR.1.2.840.113564.192168196.2020040717044780258.1203801020003.png,0
CR.1.2.840.113564.192168196.2020041316410681120.1203801020003.png,0
DX.1.2.840.113564.1722810162.20200320112920531100.1203801020003.png,0
DX.1.2.840.113564.1722810162.20200320114116138220.1203801020003.png,0
DX.1.2.840.113564.1722810162.20200320141356234280.1203801020003.png,0
DX.1.2.840.113564.1722810162.20200320145336747360.1203801020003.png,0
DX.1.2.840.113564.1722810162.20200320150341771440.1203801020003.png,0
DX.1.2.840.113564.1722810162.20200320155115417540.1203801020003.png,0
DX.1.2.840.113564.1722810162.20200320175830093580.1203801020003.png,0
DX.1.2.840.113564.1722810162.20200321085646975740.1203801020003.png,0
DX.1.2.840.113564.1722810162.20200321114314263800.1203801020003.png,0
DX.1.2.840.113564.1722810162.20200321192719071860.1203801020003.png,0
DX.1.2.840.113564.1722810162.20200321204028829980.1203801020003.png,0
DX.1.2.840.113564.1722810162.202003212127446125.1203801020003.png,0
DX.1.2.840.113564.1722810162.20200322012248568150.1203801020003.png,0
DX.1.2.840.113564.1722810162.20200322020907096250.1203801020003.png,0
DX.1.2.840.113564.1722810162.20200322024635362290.1203801020003.png,1
DX.1.2.840.113564.1722810162.20200322072012224350.1203801020003.png,0
DX.1.2.840.113564.1722810162.20200322102521497410.1203801020003.png,1
DX.1.2.840.113564.1722810162.20200322111129754510.1203801020003.png,0
DX.1.2.840.113564.1722810162.20200322143316916570.1203801020003.png,0
DX.1.2.840.113564.1722810162.20200322145514814630.1203801020003.png,0
DX.1.2.840.113564.1722810162.20200322204552095690.1203801020003.png,0
DX.1.2.840.113564.1722810162.20200323060615552950.1203801020003.png,0
DX.1.2.840.113564.1722810162.20200323104202808100.1203801020003.png,0
DX.1.2.840.113564.1722810162.20200323110217481160.1203801020003.png,0
DX.1.2.840.113564.1722810162.20200323113158393220.1203801020003.png,0
DX.1.2.840.113564.1722810162.20200324090442116980.1203801020003.png,0
DX.1.2.840.113564.1722810162.202003241226081857.1203801020003.png,1
DX.1.2.840.113564.1722810162.20200324135714305250.1203801020003.png,0
DX.1.2.840.113564.1722810162.20200324140423562310.1203801020003.png,0
DX.1.2.840.113564.1722810162.20200324163640450390.1203801020003.png,0
DX.1.2.840.113564.1722810162.20200324173135171450.1203801020003.png,0
DX.1.2.840.113564.1722810162.20200324173713500510.1203801020003.png,0
DX.1.2.840.113564.1722810162.20200325035519587850.1203801020003.png,0
DX.1.2.840.113564.1722810162.20200325102716421950.1203801020003.png,1
DX.1.2.840.113564.1722810162.202003251249284366.1203801020003.png,0
DX.1.2.840.113564.1722810162.20200325125743092120.1203801020003.png,1
DX.1.2.840.113564.1722810162.20200325130434611240.1203801020003.png,0
DX.1.2.840.113564.1722810162.20200325130756972300.1203801020003.png,1
DX.1.2.840.113564.1722810162.20200325133712872360.1203801020003.png,0
DX.1.2.840.113564.1722810162.20200325160609990420.1203801020003.png,0
DX.1.2.840.113564.1722810162.20200325171318440480.1203801020003.png,0
DX.1.2.840.113564.1722810162.20200325180041010540.1203801020003.png,0
DX.1.2.840.113564.1722810162.20200325180923403640.1203801020003.png,0
DX.1.2.840.113564.1722810162.20200325235118699920.1203801020003.png,0
DX.1.2.840.113564.1722810162.20200326103306090980.1203801020003.png,0
DX.1.2.840.113564.1722810162.202003261052235227.1203801020003.png,0
DX.1.2.840.113564.1722810162.20200326123403551130.1203801020003.png,1
DX.1.2.840.113564.1722810162.20200326123552855170.1203801020003.png,1
DX.1.2.840.113564.1722810162.20200326160333805210.1203801020003.png,1
DX.1.2.840.113564.1722810162.20200326172257446270.1203801020003.png,1
DX.1.2.840.113564.1722810162.20200327115150971770.1203801020003.png,0
DX.1.2.840.113564.1722810162.20200327130648390830.1203801020003.png,0
DX.1.2.840.113564.1722810162.20200327135133580890.1203801020003.png,0
DX.1.2.840.113564.1722810162.20200327135950280950.1203801020003.png,0
DX.1.2.840.113564.1722810162.202003271502385806.1203801020003.png,0
DX.1.2.840.113564.1722810162.20200327160432430120.1203801020003.png,1
DX.1.2.840.113564.1722810162.20200328130557219720.1203801020003.png,0
DX.1.2.840.113564.1722810162.20200328131109715780.1203801020003.png,0
DX.1.2.840.113564.1722810162.20200328170109600900.1203801020003.png,1
DX.1.2.840.113564.1722810162.20200328190915750960.1203801020003.png,0
DX.1.2.840.113564.1722810162.202003281918584533.1203801020003.png,1
DX.1.2.840.113564.1722810162.20200330101715842390.1203801020003.png,0
DX.1.2.840.113564.1722810162.20200330115928823450.1203801020003.png,0
DX.1.2.840.113564.1722810162.20200330134431691510.1203801020003.png,0
DX.1.2.840.113564.1722810162.20200330142125620570.1203801020003.png,0
DX.1.2.840.113564.1722810162.20200330155549529100.1203801020003.png,0
DX.1.2.840.113564.1722810162.20200331093347514180.1203801020003.png,0
DX.1.2.840.113564.1722810162.20200331100140006240.1203801020003.png,1
DX.1.2.840.113564.1722810162.20200331111716722300.1203801020003.png,0
DX.1.2.840.113564.1722810162.20200331165352707460.1203801020003.png,0
DX.1.2.840.113564.1722810162.20200331235358718640.1203801020003.png,0
DX.1.2.840.113564.1722810162.20200401095800552100.1203801020003.png,0
DX.1.2.840.113564.1722810162.20200401122015054240.1203801020003.png,1
DX.1.2.840.113564.1722810162.20200402222138430240.1203801020003.png,0
DX.1.2.840.113564.1722810162.20200403095438767300.1203801020003.png,0
DX.1.2.840.113564.1722810162.20200403103712240360.1203801020003.png,0
DX.1.2.840.113564.1722810162.20200403105318208480.1203801020003.png,0
DX.1.2.840.113564.1722810162.20200403113227763540.1203801020003.png,0
DX.1.2.840.113564.1722810162.202004031554257618.1203801020003.png,0
DX.1.2.840.113564.1722810162.20200403173403510160.1203801020003.png,0
DX.1.2.840.113564.1722810162.20200404120713468380.1203801020003.png,0
DX.1.2.840.113564.1722810162.20200404145807490420.1203801020003.png,0
DX.1.2.840.113564.1722810162.20200404194854145480.1203801020003.png,0
DX.1.2.840.113564.1722810162.20200404203720370540.1203801020003.png,0
DX.1.2.840.113564.1722810162.20200404210401196600.1203801020003.png,0
DX.1.2.840.113564.1722810162.20200405000323941660.1203801020003.png,0
DX.1.2.840.113564.1722810162.20200405095807248860.1203801020003.png,0
DX.1.2.840.113564.1722810162.20200405112431725920.1203801020003.png,1
DX.1.2.840.113564.1722810162.20200405142816863980.1203801020003.png,1
DX.1.2.840.113564.1722810162.202004051809450129.1203801020003.png,0
DX.1.2.840.113564.1722810162.20200405200727037190.1203801020003.png,0
DX.1.2.840.113564.1722810162.20200405214257011250.1203801020003.png,0
DX.1.2.840.113564.1722810162.20200406082745416370.1203801020003.png,0
DX.1.2.840.113564.1722810162.20200406115235508570.1203801020003.png,0
DX.1.2.840.113564.1722810162.20200406152138599630.1203801020003.png,0
DX.1.2.840.113564.1722810162.20200407095712184770.1203801020003.png,0
DX.1.2.840.113564.1722810162.20200407110159061830.1203801020003.png,0
DX.1.2.840.113564.1722810162.20200407154351156930.1203801020003.png,0
DX.1.2.840.113564.1722810162.20200407155013948990.1203801020003.png,0
DX.1.2.840.113564.1722810162.202004071718231126.1203801020003.png,1
DX.1.2.840.113564.1722810162.20200407172633176120.1203801020003.png,0
DX.1.2.840.113564.1722810162.20200407192827790180.1203801020003.png,0
DX.1.2.840.113564.1722810162.20200407205007081240.1203801020003.png,0
DX.1.2.840.113564.1722810162.20200408083051884400.1203801020003.png,0
DX.1.2.840.113564.1722810162.20200408084153835460.1203801020003.png,0
DX.1.2.840.113564.1722810162.202004081114029075.1203801020003.png,1
DX.1.2.840.113564.1722810162.20200408114402741110.1203801020003.png,0
DX.1.2.840.113564.1722810162.20200408121020878150.1203801020003.png,0
DX.1.2.840.113564.1722810162.20200408152416905270.1203801020003.png,0
DX.1.2.840.113564.1722810162.20200408170334886370.1203801020003.png,0
DX.1.2.840.113564.1722810162.20200409084428113530.1203801020003.png,0
DX.1.2.840.113564.1722810162.20200409093935803690.1203801020003.png,1
DX.1.2.840.113564.1722810162.20200409100734996750.1203801020003.png,0
DX.1.2.840.113564.1722810162.20200409104802496810.1203801020003.png,1
DX.1.2.840.113564.1722810162.20200409122112986890.1203801020003.png,0
DX.1.2.840.113564.1722810162.20200409131002213950.1203801020003.png,0
DX.1.2.840.113564.1722810162.20200410122807096300.1203801020003.png,0
DX.1.2.840.113564.1722810162.20200410172247966360.1203801020003.png,0
DX.1.2.840.113564.1722810162.20200410175512031420.1203801020003.png,0
DX.1.2.840.113564.1722810162.20200413144300534160.1203801020003.png,0
DX.1.2.840.113564.1722810162.20200413163143169320.1203801020003.png,0
DX.1.2.840.113564.1722810162.20200414101717389720.1203801020003.png,0
DX.1.2.840.113564.1722810162.20200414150507492960.1203801020003.png,0
DX.1.2.840.113564.1722810162.202004141559081673.1203801020003.png,0
DX.1.2.840.113564.1722810162.20200414164047399130.1203801020003.png,0
DX.1.2.840.113564.1722810162.20200414192734848390.1203801020003.png,0
DX.1.2.840.113564.1722810162.20200414235332189450.1203801020003.png,0
DX.1.2.840.113564.1722810162.20200415105839964650.1203801020003.png,1
DX.1.2.840.113564.1722810162.20200415172911278870.1203801020003.png,0
DX.1.2.840.113564.1722810162.20200416083007099140.1203801020003.png,0
DX.1.2.840.113564.1722810162.20200416130101712300.1203801020003.png,0
DX.1.2.840.113564.1722810162.20200416135234642360.1203801020003.png,0
DX.1.2.840.113564.1722810162.20200416190453105480.1203801020003.png,0
DX.1.2.840.113564.1722810162.20200416191632203540.1203801020003.png,0
DX.1.2.840.113564.1722810162.20200417024634079600.1203801020003.png,0
DX.1.2.840.113564.1722810162.20200417093257137680.1203801020003.png,0
DX.1.2.840.113564.1722810162.20200417102240621720.1203801020003.png,0
DX.1.2.840.113564.1722810162.20200417105359936840.1203801020003.png,0
DX.1.2.840.113564.1722810162.20200417110000959900.1203801020003.png,0
DX.1.2.840.113564.1722810162.20200417111010040980.1203801020003.png,0
DX.1.2.840.113564.1722810162.202004171314057425.1203801020003.png,0
DX.1.2.840.113564.1722810162.20200417134736990110.1203801020003.png,0
DX.1.2.840.113564.1722810162.20200417170403543170.1203801020003.png,0
DX.1.2.840.113564.1722810162.20200417201319616230.1203801020003.png,0
DX.1.2.840.113564.1722810162.20200417214150749290.1203801020003.png,0
DX.1.2.840.113564.1722810162.20200418123953240490.1203801020003.png,0
DX.1.2.840.113564.1722810162.20200418130832529630.1203801020003.png,0
DX.1.2.840.113564.1722810162.20200418170644187730.1203801020003.png,0
DX.1.2.840.113564.1722810162.20200419111851705930.1203801020003.png,0
DX.1.2.840.113564.1722810162.20200420085749110180.1203801020003.png,0
DX.1.2.840.113564.1722810162.20200420091034687240.1203801020003.png,0
DX.1.2.840.113564.1722810162.20200420123349689300.1203801020003.png,0
DX.1.2.840.113564.1722810162.20200420124516732440.1203801020003.png,0
DX.1.2.840.113564.1722810162.20200420135116095500.1203801020003.png,1
DX.1.2.840.113564.1722810162.20200420140003796580.1203801020003.png,0
DX.1.2.840.113564.1722810162.20200420140206725640.1203801020003.png,0
DX.1.2.840.113564.1722810162.20200420150441592700.1203801020003.png,0
DX.1.2.840.113564.1722810162.20200420155936364760.1203801020003.png,0
DX.1.2.840.113564.1722810162.20200420164750991860.1203801020003.png,0
DX.1.2.840.113564.1722810162.202004201905117341.1203801020003.png,0
DX.1.2.840.113564.1722810162.202004202036061127.1203801020003.png,0
DX.1.2.840.113564.1722810162.20200421084943963130.1203801020003.png,0
auntminnie-c-2020_01_28_23_51_6665_2020_01_28_Vietnam_coronavirus.jpeg,1
auntminnie-a-2020_01_28_23_51_6665_2020_01_28_Vietnam_coronavirus.jpeg,1
auntminnie-b-2020_01_28_23_51_6665_2020_01_28_Vietnam_coronavirus.jpeg,1
B2D20576-00B7-4519-A415-72DE29C90C34.jpeg,1
kjr-21-e24-g001-l-a.jpg,1
41591_2020_819_Fig1_HTML.webp-day10.png,1
kjr-21-e24-g004-l-a.jpg,1
171CB377-62FF-4B76-906C-F3787A01CB2E.jpeg,1
covid-19-pneumonia-15-PA.jpg,1
6A7D4110-2BFC-4D9A-A2D6-E9226D91D25A.jpeg,1
covid-19-pneumonia-rapidly-progressive-3-days.jpg,1
1-s2.0-S1684118220300682-main.pdf-003-b1.png,1
1-s2.0-S0929664620300449-gr3_lrg-d.jpg,1
254B82FC-817D-4E2F-AB6E-1351341F0E38.jpeg,1
gr1_lrg-a.jpg,1
6b44464d-73a7-4cf3-bbb6-ffe7168300e3.annot.original.jpeg,1
6C94A287-C059-46A0-8600-AFB95F4727B7.jpeg,1
covid-19-pneumonia-rapidly-progressive-12-hours.jpg,1
covid-19-pneumonia-30-PA.jpg,1
7C69C012-7479-493F-8722-ABC29C60A2DD.jpeg,1
a1a7d22e66f6570df523e0077c6a5a_jumbo.jpeg,1
ciaa199.pdf-001-b.png,1
9C34AF49-E589-44D5-92D3-168B3B04E4A6.jpeg,1
D7AF463C-2369-492D-908D-BE1911CCD74C.jpeg,1
4C4DEFD8-F55D-4588-AAD6-C59017F55966.jpeg,1
nejmoa2001191_f1-L.jpeg,1
1-s2.0-S1684118220300608-main.pdf-001.jpg,1
covid-19-rapidly-progressive-acute-respiratory-distress-syndrome-ards-day-1.jpg,1
39EE8E69-5801-48DE-B6E3-BE7D1BCF3092.jpeg,1
1-s2.0-S0929664620300449-gr2_lrg-a.jpg,1
covid-19-rapidly-progressive-acute-respiratory-distress-syndrome-ards-day-2.jpg,1
covid-19-pneumonia-7-PA.jpg,1
1-s2.0-S1684118220300682-main.pdf-002-a1.png,1
2C26F453-AF3B-4517-BB9E-802CF2179543.jpeg,1
lancet-case2b.jpg,1
5931B64A-7B97-485D-BE60-3F1EA76BC4F0.jpeg,1
1-s2.0-S1684118220300682-main.pdf-002-a2.png,1
F63AB6CE-1968-4154-A70F-913AF154F53D.jpeg,1
925446AE-B3C7-4C93-941B-AC4D2FE1F455.jpeg,1
ryct.2020200034.fig2.jpeg,1
all14238-fig-0001-m-c.jpg,1
E1724330-1866-4581-8CD8-CEC9B8AFEDDE.jpeg,1
21DDEBFD-7F16-4E3E-8F90-CB1B8EE82828.jpeg,1
jkms-35-e79-g001-l-c.jpg,1
gr1_lrg-b.jpg,1
353889E0-A1E8-4F9E-A0B8-F24F36BCFBFB.jpeg,1
nejmoa2001191_f3-L.jpeg,1
covid-19-pneumonia-7-L.jpg,1
2C10A413-AABE-4807-8CCE-6A2025594067.jpeg,1
covid-19-pneumonia-30-L.jpg,1
covid-19-infection-exclusive-gastrointestinal-symptoms-l.png,1
covid-19-rapidly-progressive-acute-respiratory-distress-syndrome-ards-admission.jpg,1
covid-19-pneumonia-28.png,1
31BA3780-2323-493F-8AED-62081B9C383B.jpeg,1
jkms-35-e79-g001-l-a.jpg,1
nCoV-radiol.2020200269.fig1-day7.jpeg,1
jkms-35-e79-g001-l-e.jpg,1
1-s2.0-S0929664620300449-gr2_lrg-b.jpg,1
1-s2.0-S0929664620300449-gr2_lrg-d.jpg,1
1-s2.0-S1684118220300608-main.pdf-002.jpg,1
all14238-fig-0002-m-f.jpg,1
DE488FE1-0C44-428B-B67A-09741C1214C0.jpeg,1
1-s2.0-S0929664620300449-gr2_lrg-c.jpg,1
5A78BCA9-5B7A-440D-8A4E-AE7710EA6EAD.jpeg,1
covid-19-pneumonia-2.jpg,1
kjr-21-e24-g001-l-c.jpg,1
1-s2.0-S0140673620303706-fx1_lrg.jpg,1
396A81A5-982C-44E9-A57E-9B1DC34E2C08.jpeg,1
ryct.2020200034.fig5-day0.jpeg,1
kjr-21-e24-g003-l-a.jpg,1
CD50BA96-6982-4C80-AE7B-5F67ACDBFA56.jpeg,1
44C8E3D6-20DA-42E9-B33B-96FA6D6DE12F.jpeg,1
kjr-21-e24-g002-l-c.jpg,1
1F6343EE-AFEC-4B7D-97F5-62797EE18767.jpeg,1
kjr-21-e24-g004-l-b.jpg,1
2966893D-5DDF-4B68-9E2B-4979D5956C8E.jpeg,1
9fdd3c3032296fd04d2cad5d9070d4_jumbo.jpeg,1
nejmoa2001191_f1-PA.jpeg,1
85E52EB3-56E9-4D67-82DA-DEA247C82886.jpeg,1
kjr-21-e25-g001-l-a.jpg,1
1-s2.0-S0929664620300449-gr3_lrg-c.jpg,1
35AF5C3B-D04D-4B4B-92B7-CB1F67D83085.jpeg,1
F2DE909F-E19C-4900-92F5-8F435B031AC6.jpeg,1
jkms-35-e79-g001-l-d.jpg,1
auntminnie-d-2020_01_28_23_51_6665_2020_01_28_Vietnam_coronavirus.jpeg,1
23E99E2E-447C-46E5-8EB2-D35D12473C39.png,1
nejmoa2001191_f5-L.jpeg,1
E63574A7-4188-4C8D-8D17-9D67A18A1AFA.jpeg,1
1B734A89-A1BF-49A8-A1D3-66FAFA4FAC5D.jpeg,1
figure1-5e71be566aa8714a04de3386-98-left.jpeg,1
lancet-case2a.jpg,1
66298CBF-6F10-42D5-A688-741F6AC84A76.jpeg,1
446B2CB6-B572-40AB-B01F-1910CA07086A.jpeg,1
41591_2020_819_Fig1_HTML.webp-day5.png,1
figure1-5e73d7ae897e27ff066a30cb-98.jpeg,1
nejmc2001573_f1a.jpeg,1
1-s2.0-S0929664620300449-gr3_lrg-b.jpg,1
all14238-fig-0002-m-e.jpg,1
7AF6C1AF-D249-4BD2-8C26-449304105D03.jpeg,1
B59DD164-51D5-40DF-A926-6A42DD52EBE8.jpeg,1
covid-19-pneumonia-rapidly-progressive-admission.jpg,1
nejmc2001573_f1b.jpeg,1
FC230FE2-1DDF-40EB-AA0D-21F950933289.jpeg,1
jkms-35-e79-g001-l-b.jpg,1
ryct.2020200034.fig5-day4.jpeg,1
1-s2.0-S0929664620300449-gr3_lrg-a.jpg,1
covid-19-pneumonia-14-PA.png,1
7E335538-2F86-424E-A0AB-6397783A38D0.jpeg,1
191F3B3A-2879-4EF3-BE56-EE0D2B5AAEE3.jpeg,1
6CB4EFC6-68FA-4CD5-940C-BEFA8DAFE9A7.jpeg,1
D5ACAA93-C779-4E22-ADFA-6A220489F840.jpeg,1
7EF28E12-F628-4BEC-A8C5-E6277C2E4F60.png,1
F4341CE7-73C9-45C6-99C8-8567A5484B63.jpeg,1
ciaa199.pdf-001-a.png,1
kjr-21-e24-g002-l-b.jpg,1
covid-19-pneumonia-12.jpg,1
nejmoa2001191_f5-PA.jpeg,1
2B8649B2-00C4-4233-85D5-1CE240CF233B.jpeg,1
3ED3C0E1-4FE0-4238-8112-DDFF9E20B471.jpeg,1
kjr-21-e24-g001-l-b.jpg,1
kjr-21-e24-g002-l-a.jpg,1
FE9F9A5D-2830-46F9-851B-1FF4534959BE.jpeg,1
nejmoa2001191_f4.jpeg,1
93FE0BB1-022D-4F24-9727-987A07975FFB.jpeg,1
ryct.2020200028.fig1a.jpeg,1
03BF7561-A9BA-4C3C-B8A0-D3E585F73F3C.jpeg,1
C6EA0BE5-B01E-4113-B194-18D956675E25.jpeg,1
covid-19-rapidly-progressive-acute-respiratory-distress-syndrome-ards-day-3.jpg,1
kjr-21-e24-g003-l-b.jpg,1
all14238-fig-0001-m-b.jpg,1
all14238-fig-0002-m-d.jpg,1
ciaa199.pdf-001-c.png,1
8FDE8DBA-CFBD-4B4C-B1A4-6F36A93B7E87.jpeg,1
01E392EE-69F9-4E33-BFCE-E5C968654078.jpeg,1
figure1-5e75d0940b71e1b702629659-98-right.jpeg,1
1312A392-67A3-4EBF-9319-810CF6DA5EF6.jpeg,1
covid-19-pneumonia-15-L.jpg,1
covid-19-pneumonia-14-L.png,1
80446565-E090-4187-A031-9D3CEAA586C8.jpeg,1
5CBC2E94-D358-401E-8928-965CCD965C5C.jpeg,1
nejmoa2001191_f3-PA.jpeg,1
58cb9263f16e94305c730685358e4e_jumbo.jpeg,1
ryct.2020200034.fig5-day7.jpeg,1
5e6dd879fde9502400e58b2f.jpeg,1
7D2CF6CE-F529-4470-8356-D33FFAF98600.jpeg,1
1-s2.0-S1684118220300682-main.pdf-003-b2.png,1
covid-19-infection-exclusive-gastrointestinal-symptoms-pa.png,1
covid-19-pneumonia-19.jpg,1
radiol.2020200490.fig3.jpeg,1
covid-19-pneumonia-40.jpg,1
88de9d8c39e946abd495b37cd07d89e5-2ee6-0.jpg,1
yxppt-2020-02-19_00-51-27_287214-day8.jpg,1
covid-19-pneumonia-38-pa.jpg,1
16751_3_1.jpg,1
covid-19-pneumonia-progression-and-regression-day11.jpg,1
16663_1_1.jpg,1
radiol.2020201160.fig2d.jpeg,1
da9e9aac-de8c-44c7-ba57-e7cc8e4caaba.annot.original.jpeg,1
53EC07C9-5CC6-4BE4-9B6F-D7B0D72AAA7E.jpeg,1
16708_4_1.jpg,1
16689_1_1.jpg,1
case_72_RX-TORACE1.jpg,1
post-intubuation-pneumomediastium-and-pneumothorax-background-covid-19-pneumonia-day7.jpg,1
radiol.2020200274.fig3d.png,1
figure1-5e7c1b8d98c29ab001275405-98-later.jpeg,1
covid-19-pneumonia-38-l.jpg,1
covid-19-pneumonia-evolution-over-a-week-1-day4.jpg,1
covid-19-pneumonia-43-day2.jpeg,1
16747_3_1.jpg,1
extubation-13.jpg,1
covid-19-pneumonia-progression-and-regression-day24.jpg,1
16691_1_1.jpg,1
covid-19-pneumonia-22-day2-pa.png,1
paving.jpg,1
16724_1_1.jpg,1
67d668e570c242404ba82c7cbe2ca8f2-05be-0.jpg,1
covid-19-pneumonia-progression-and-regression-day28.jpg,1
1.CXRCTThoraximagesofCOVID-19fromSingapore.pdf-002-fig3a.png,1
16672_1_1.jpg,1
16660_5_1.jpg,1
ae6c954c0039de4b5edee53865ffee43-e6c8-0.jpg,1
covid-19-pneumonia-progression-and-regression-day13.jpg,1
covid-19-pneumonia-42.jpeg,1
fff49165-b22d-4bb4-b9d1-d5d62c52436c.annot.original.png,1
extubation-4.jpg,1
16674_1_1.jpg,1
covid-19-pneumonia-24-day7.jpg,1
covid-19-pneumonia-58-day-9.jpg,1
16669_1_1.jpeg,1
AR-2.jpg,1
covid-19-pneumonia-mild.JPG,1
covid-19-pneumonia-23-day9.jpg,1
67d668e570c242404ba82c7cbe2ca8f2-0015-0.jpg,1
covid-19-pneumonia-49-day4.jpg,1
covid-19-pneumonia-bilateral.jpg,1
covid-19-caso-70-1-L.jpg,1
covid-19-caso-70-1-PA.jpg,1
case_76_1-3.png,1
covid-19-pneumonia-35-1.jpg,1
radiol.2020201160.fig3d.jpeg,1
16751_2_1.jpg,1
covid-19-pneumonia-24-day6.jpg,1
16747_1_1.jpg,1
covid-19-pneumonia-22-day1-l.png,1
covid-19-caso-70-2-APS.jpg,1
covid-19-pneumonia-evolution-over-a-week-1-day6.jpg,1
covid-19-pneumonia-progression-and-regression-day1.jpg,1
figure1-5e7c1b8d98c29ab001275405-98.jpeg,1
covid-19-pneumonia-67.jpeg,1
16660_3_1.jpg,1
covid-19-pneumonia-49-day8.jpg,1
post-intubuation-pneumomediastium-and-pneumothorax-background-covid-19-pneumonia-day6-1.jpg,1
1.CXRCTThoraximagesofCOVID-19fromSingapore.pdf-001-fig2a.png,1
1.CXRCTThoraximagesofCOVID-19fromSingapore.pdf-000-fig1b.png,1
covid-19-pneumonia-23-day1.jpg,1
covid-19-pneumonia-23-day3.jpg,1
covid-19-pneumonia-34.png,1
covid-19-pneumonia-93.png,1
16660_2_1.jpg,1
covid-19-pneumonia-44-day-0.jpeg,1
16751_3_2.jpg,1
yxppt-2020-02-19_00-51-27_287214-day12.jpg,1
covid-19-pneumonia-20-pa-on-admission.jpg,1
covid-19-pneumonia-20-l-on-admission.jpg,1
RX-torace-a-letto-del-paziente-in-unica-proiezione-AP-1-1.jpeg,1
radiol.2020201160.fig3b.jpeg,1
radiol.2020201160.fig3c.jpeg,1
covid-19-pneumonia-evolution-over-a-week-1-day0-L.jpg,1
1.CXRCTThoraximagesofCOVID-19fromSingapore.pdf-003-fig4a.png,1
16654_2_1.jpg,1
covid-19-pneumonia-53.jpg,1
radiol.2020201160.fig3a.jpeg,1
covid-19-pneumonia-progression-and-regression-day20.jpg,1
16664_2_1.jpg,1
16654_1_1.png,1
covid-19-pneumonia-evolution-over-a-week-1-day3.jpg,1
covid-19-pneumonia-24-day12.jpg,1
16751_2_2.jpg,1
radiol.2020201160.fig2b.jpeg,1
ryct.2020003.fig2-c.png,1
16664_1_1.jpg,1
16689_1_5.png,1
covid-19-pneumonia-44-day-8.jpeg,1
16706_1_1.png,1
16751_3_3.jpg,1
extubation-8.jpg,1
88de9d8c39e946abd495b37cd07d89e5-0666-0.jpg,1
2-chest-filmc.jpg,1
A7E260CE-8A00-4C5F-A7F5-27336527A981.jpeg,1
covid-19-pneumonia-20.jpg,1
covid-19-pneumonia-progression-and-regression-day6.jpg,1
4ad30bc6-2da0-4f84-bc9b-62acabfd518a.annot.original.png,1
16660_4_1.jpg,1
covid-19-pneumonia-58-day-10.jpg,1
16747_2_1.jpg,1
radiol.2020201160.fig2c.jpeg,1
radiol.2020201160.fig2a.jpeg,1
16708_5_1.jpg,1
7-fatal-covid19.jpg,1
1.CXRCTThoraximagesofCOVID-19fromSingapore.pdf-002-fig3b.png,1
covid-19-pneumonia-22-day1-pa.png,1
post-intubuation-pneumomediastium-and-pneumothorax-background-covid-19-pneumonia-day1.jpg,1
16708_1_1.jpg,1
ryct.2020003.fig2-b.png,1
16654_4_1.jpg,1
16663_1_2.jpg,1
AR-1.jpg,1
1.CXRCTThoraximagesofCOVID-19fromSingapore.pdf-001-fig2b.png,1
covid-19-pneumonia-41-day-2.jpg,1
ryct.2020003.fig2-a.png,1
post-intubuation-pneumomediastium-and-pneumothorax-background-covid-19-pneumonia-day6-2.jpg,1
covid-19-pneumonia-35-2.jpg,1
16673_2_1.jpg,1
16660_1_1.jpg,1
88de9d8c39e946abd495b37cd07d89e5-6531-0.jpg,1
16689_1_2.png,1
covid-19-pneumonia-58-day-7.jpg,1
1.CXRCTThoraximagesofCOVID-19fromSingapore.pdf-000-fig1a.png,1
covid-19-pneumonia-41-day-0.jpg,1
ajr.20.23034.pdf-001.png,1
covid-19-pneumonia-58-day-3.jpg,1
1.CXRCTThoraximagesofCOVID-19fromSingapore.pdf-003-fig4b.png,1
radiol.2020201160.fig6b.jpeg,1
extubation-1.jpg,1
covid-19-pneumonia-evolution-over-a-week-1-day0-PA.jpg,1
covid-19-pneumonia-101.png,1
4e43e48d52c9e2d4c6c1fb9bc1544f_jumbo.jpeg,1
covid-19-pneumonia-43-day0.jpeg,1
yxppt-2020-02-19_00-51-27_287214-day10.jpg,1
16669_3_1.jpeg,1
covid-19-pneumonia-8.jpg,1
case_71_figura1.png,1
6b3bdbc31f65230b8cdcc3cef5f8ba8a-40ac-0.jpg,1
ajr.20.23034.pdf-003.png,1
5acb8ac5.jpg,1
16745_5_1.png,1
ec083e35.jpg,1
3b46de94.jpg,1
483f2ad8.jpg,1
a2eba651.jpg,1
16630_3_1.jpg,1
16744_2_1.jpg,1
a47dc73e.jpg,1
8da14fff.jpg,1
d6494b39.jpg,1
19abe1f3.jpg,1
527321ee.jpg,1
a8ac1969.jpg,1
16745_6_3.png,1
5782ae15.jpg,1
a38e1877.jpg,1
b39f5cf9.jpg,1
00870a9c.jpg,1
48c4542c.jpg,1
c601f50d.jpg,1
887db78f.jpg,1
68_2020_1364_Fig1_HTML-a.png,1
19073f37.jpg,1
16689_2_4.png,1
d9d6ca9a.jpg,1
16630_6_1.jpg,1
b343e657.jpg,1
d680397c.jpg,1
865336ed.jpg,1
262a70ca.jpg,1
c3829ecb.jpg,1
16630_5_1.jpg,1
16630_2_1.jpg,1
16745_7_3.png,1
c828e894.jpg,1
1880e301.jpg,1
bd10d5e2.jpg,1
db96a050.jpg,1
90986ce4.jpg,1
441c9cdd.jpg,1
1f8a4a54.jpg,1
2168a917.jpg,1
1663b242.jpg,1
16744_2_4.jpg,1
d009d61f.jpg,1
86d19bba.jpg,1
16689_1_6.jpg,1
16689_2_1.png,1
5f619d7e.jpg,1
436a6348.jpg,1
333932bd.jpg,1
16630_4_1.jpg,1
f6575117.jpg,1
f64132c8.jpg,1
21982772.jpg,1
nejmoa2001017_f1-a.png,1
16744_2_2.jpg,1
90070cbc.jpg,1
e1446fe8.jpg,1
24035bda.jpg,1
3248cc61.jpg,1
0a7faa2a.jpg,1
270_2020_2470_Fig1_HTML-b.png,1
3dedeb92.jpg,1
16745_4_1.png,1
ee2d1bf6.jpg,1
61bc50d1.jpg,1
7afaaccc.jpg,1
16745_7_2.png,1
cb706009.jpg,1
4d98e1de.jpg,1
c0f74558.jpg,1
68_2020_1364_Fig1_HTML-c.png,1
35b446ce.jpg,1
3fd337c1.jpg,1
08d780ae.jpg,1
16631_1_4.jpg,1
16745_7_5.PNG,1
270_2020_2470_Fig1_HTML-a.png,1
16745_5_2.png,1
16745_7_4.png,1
16745_4_3.png,1
a361d7b7.jpg,1
16744_1_1.jpg,1
f8335316.jpg,1
4c0fcf57.jpg,1
8fc103ca.jpg,1
16745_5_3.png,1
16630_2_2.jpg,1
80b5f00f.jpg,1
16745_2_2.PNG,1
1052b0fe.jpg,1
4fcafe41.jpg,1
87d50e40.jpg,1
82a78c13.jpg,1
16745_3_2.png,1
16689_2_2.png,1
2cd63b76.jpg,1
1d435a4b.jpg,1
53c9be49.jpg,1
f6d980a0.jpg,1
ac4f6e4e.jpg,1
9d36404d.jpg,1
bb0e626a.jpg,1
e1a4f870.jpg,1
bd3ceeb6.jpg,1
16745_4_2.png,1
nejmoa2001017_f1-b.png,1
16745_6_2.png,1
16631_1_3.jpg,1
16745_7_1.png,1
68_2020_1364_Fig1_HTML-b.png,1
4fed5061.jpg,1
16744_2_3.jpg,1
b9673e89.jpg,1
d7f2ee0f.jpg,1
16745_2_3.PNG,1
bfefde5d.jpg,1
40779_2020_233_Fig2_HTML-a.png,1
11547_2020_1200_Fig3_HTML-c.png,1
a8ef731d274b273f1526d8d0ffbe3b_jumbo.jpeg,1
1-s2.0-S2531043720300921-gr1.png,1
41379_2020_536_Fig2_HTML-c1.png,1
6770dac454c45c86bc6c2d6193b177_jumbo.jpeg,1
tpmd200203f2-a.png,1
50e51fcefaa760d0757eeae6eb0858_jumbo.jpeg,1
BMJ-37-163-g1.jpg,1
e73d6e89fcd781b8afd159cf533358_jumbo-1.jpeg,1
14d81f378173b86cc53f21d2d67040_jumbo.jpeg,1
11547_2020_1203_Fig1_HTML-a.png,1
1141cc2b8b9cc394becce5d978b5a7_jumbo.jpeg,1
1-s2.0-S2214250920300706-gr1_lrg.jpg,1
11547_2020_1200_Fig3_HTML-a.png,1
41182_2020_203_Fig4_HTML.jpg,1
10.1016-slash-j.chest.2020.04.024.png,1
1-s2.0-S1931312820301852-gr1_lrg-a.png,1
5ed7d0109672bdd3d58a7db7841f6a_jumbo.jpeg,1
covid-19-caso-95-4-12.png,1
article_river_1a00a3c07ea311eab70491c6fb93d336-figure-2.png,1
1-s2.0-S1341321X20301124-gr3_lrg-c.png,1
701_2020_4374_Fig2_HTML.png,1
11547_2020_1200_Fig2_HTML-b.png,1
c17cdd3972b233b97770bb57f7bba6_jumbo.jpeg,1
1-s2.0-S1684118220300372-gr1_lrg-a.png,1
1-s2.0-S0889159120306851-gr2b_lrg.jpg,1
1-s2.0-S0085253820303616-gr1_lrg-a.png,1
2eadbbb367a0366d8c34350d083a83_jumbo.jpeg,1
article_river_c79329e06dff11eab69c95940c7c0d00-CXR-D1-COVID19.png,1
11547_2020_1203_Fig2_HTML-d.png,1
covid-19-caso-111-1-21.png,1
fedd6c94d5dbd12d88c81a1020a3e4_jumbo.jpeg,1
afaa068f1.png,1
covid-19-caso-95-3-14.png,1
11547_2020_1203_Fig1_HTML-d.png,1
10.1016-slash-j.anl.2020.04.002-c.png,1
covid-19-caso-99-1-19.png,1
gr2_lrg-b.png,1
08ed451c576ee00935ee178ec85c57_jumbo-1.jpeg,1
article_river_de7471906e0011eabe5f9363acaf45c4-covid-cxr-2.png,1
11547_2020_1200_Fig2_HTML-a.png,1
11547_2020_1203_Fig1_HTML-c.png,1
1-s2.0-S1059131120301151-gr2-f.png,1
12941_2020_358_Fig1_HTML.jpg,1
41182_2020_203_Fig5_HTML.jpg,1
10.1016-slash-j.hrcr.2020.04.015-b.png,1
7867b1aa2d1241045c917f07a9e683_jumbo.jpeg,1
1-s2.0-S1521661620303314-gr1_lrg-b.png,1
1-s2.0-S0085253820303616-gr1_lrg-b.png,1
tpmd200203f2-c.png,1
11547_2020_1200_Fig3_HTML-b.png,1
covid-19-caso-95-1-15.png,1
10.1016-slash-j.cardfail.2020.04.007-b.png,1
1-s2.0-S0196070920301691-gr3_lrg.jpg,1
1-s2.0-S2387020620301959-gr4_lrg-a.png,1
1-s2.0-S1931312820301852-gr1_lrg-c.png,1
16755_3_1.jpg,1
0a6c60063b4bae4de001caaba306d1_jumbo.jpeg,1
1-s2.0-S1521661620303314-gr1_lrg-a.png,1
071d06607edf81d70c940e043bce34_jumbo.jpeg,1
b0f1684d1ee90dc09deef015e29dae_jumbo.jpeg,1
article_river_e4d185c06e3511eaa2321d8ab357a1de-c1mn.png,1
296_2020_4584_Fig2_HTML-b.png,1
11547_2020_1203_Fig1_HTML-b.png,1
11547_2020_1203_Fig2_HTML-a.png,1
nejmoa2004500_f1-b.png,1
10.1016-slash-j.crad.2020.04.002-b.png,1
covid-19-caso-82-1-8.png,1
1-s2.0-S2387020620301959-gr4_lrg-c.png,1
1-s2.0-S2213716520301168-gr1_lrg-b.png,1
11547_2020_1203_Fig2_HTML-c.png,1
1-s2.0-S1931312820301852-gr1_lrg-b.png,1
1-s2.0-S2214250920300834-gr1_lrg-c.png,1
10.1016-slash-j.anl.2020.04.002-b.png,1
296_2020_4584_Fig2_HTML-c.png,1
1-s2.0-S1684118220300372-gr1_lrg-b.png,1
10.1016-slash-j.hrcr.2020.04.015-a.png,1
2d8a60a26381b256a5a6373708950e_jumbo.jpeg,1
10.1016-slash-j.jhin.2020.03.036.png,1
11547_2020_1202_Fig1_HTML-a.png,1
covid-19-caso-85-4-6.png,1
covid-19-caso-85-1-9.png,1
3b66f98f30636b2e1fb42c1d0f18a8_jumbo.jpeg,1
a1fec23b293dfe7876660cb7acce43_jumbo.jpeg,1
covid-19-caso-86-RX-Torace-2.jpg,1
nejmoa2004500_f1-a.png,1
1-s2.0-S2214250920300706-gr2_lrg.jpg,1
gr2_lrg-c.png,1
covid-19-caso-85-5-4.png,1
article_river_2a361d607ea311ea95dbcf0c95d13492-figure-4.png,1
11547_2020_1203_Fig2_HTML-b.png,1
10.1016-slash-j.hrcr.2020.04.015-fig3-b.png,1
1-s2.0-S2214250920300834-gr1_lrg-b.png,1
296_2020_4584_Fig2_HTML-a.png,1
1-s2.0-S2387020620301959-gr4_lrg-b.png,1
covid-19-caso-91-2-13.png,1
10.1016-slash-j.healun.2020.04.004.jpg,1
1-s2.0-S2213716520301168-gr1_lrg-a.png,1
1-s2.0-S0735675720302746-gr1_lrg.jpg,1
tpmd200203f2-b.png,1
3eaf15de91d4ff55e6fb0e04cadb81_jumbo.jpeg,1
41379_2020_536_Fig2_HTML-c2.png,1
fx1_lrg.jpg,1
10.1016-slash-j.crad.2020.04.002-a.png,1
covid-19-caso-95-2-16.png,1
10.1016-slash-j.anl.2020.04.002-a.png,1
covid-19-caso-91-1-12.png,1
1-s2.0-S2214250920300706-gr5_lrg.jpg,1
1-s2.0-S1341321X20301124-gr3_lrg-d.png,1
8eda8be6369c87e0899f6d1642e97b_jumbo.jpeg,1
f44373474437c99b2740062c914438_jumbo.jpeg,1
41182_2020_203_Fig3_HTML.jpg,1
10.1016-slash-j.cardfail.2020.04.007-a.png,1
covid-19-caso-94-1-14.png,1
lightbox_78f27a80685411ea93cde791fb7cd172-CXR.png,1
thnov10p5641g006-c.png,1
78b60346d1b3bce85353b6dc462d75_jumbo.jpeg,1
1-s2.0-S1341321X20301124-gr3_lrg-e.png,1
covid-19-caso-86-Rx-torace-1.jpg,1
gr2_lrg-a.png,1
11547_2020_1202_Fig1_HTML-b.png,1
IM-0519-0001-0002.jpeg,0
IM-0523-0001-0002.jpeg,0
IM-0516-0001.jpeg,0
IM-0525-0001-0002.jpeg,0
IM-0517-0001.jpeg,0
IM-0512-0001.jpeg,0
IM-0535-0001.jpeg,0
IM-0539-0001-0002.jpeg,0
IM-0539-0001.jpeg,0
IM-0545-0001.jpeg,0
IM-0549-0001.jpeg,0
IM-0529-0001.jpeg,0
IM-0533-0001-0002.jpeg,0
IM-0538-0001.jpeg,0
IM-0532-0001.jpeg,0
IM-0545-0001-0001.jpeg,0
IM-0537-0001.jpeg,0
IM-0547-0001.jpeg,0
IM-0543-0001.jpeg,0
IM-0536-0001.jpeg,0
IM-0542-0001.jpeg,0
IM-0548-0001.jpeg,0
IM-0533-0001.jpeg,0
IM-0540-0001.jpeg,0
IM-0534-0001.jpeg,0
IM-0533-0001-0001.jpeg,0
IM-0531-0001-0001.jpeg,0
IM-0544-0001.jpeg,0
IM-0530-0001.jpeg,0
IM-0551-0001-0001.jpeg,0
IM-0545-0001-0002.jpeg,0
IM-0539-0001-0001.jpeg,0
IM-0549-0001-0001.jpeg,0
IM-0528-0001.jpeg,0
IM-0543-0001-0002.jpeg,0
IM-0531-0001.jpeg,0
IM-0549-0001-0002.jpeg,0
IM-0546-0001.jpeg,0
IM-0541-0001.jpeg,0
IM-0553-0001.jpeg,0
IM-0551-0001-0002.jpeg,0
IM-0552-0001.jpeg,0
IM-0561-0001.jpeg,0
IM-0553-0001-0001.jpeg,0
IM-0557-0001.jpeg,0
IM-0560-0001.jpeg,0
IM-0553-0001-0002.jpeg,0
IM-0555-0001-0001.jpeg,0
IM-0562-0001.jpeg,0
IM-0575-0001.jpeg,0
IM-0555-0001.jpeg,0
IM-0580-0001.jpeg,0
IM-0578-0001.jpeg,0
IM-0570-0001.jpeg,0
IM-0554-0001.jpeg,0
IM-0559-0001.jpeg,0
IM-0579-0001.jpeg,0
IM-0571-0001.jpeg,0
IM-0568-0001.jpeg,0
IM-0563-0001.jpeg,0
IM-0581-0001.jpeg,0
IM-0553-0001-0003.jpeg,0
IM-0565-0001.jpeg,0
IM-0551-0001.jpeg,0
IM-0564-0001.jpeg,0
IM-0574-0001.jpeg,0
IM-0555-0001-0002.jpeg,0
IM-0569-0001.jpeg,0
IM-0577-0001.jpeg,0
IM-0556-0001.jpeg,0
IM-0566-0001.jpeg,0
IM-0608-0001-0002.jpeg,0
IM-0604-0001.jpeg,0
IM-0592-0001.jpeg,0
IM-0613-0001.jpeg,0
IM-0607-0001.jpeg,0
IM-0609-0001.jpeg,0
IM-0612-0001-0001.jpeg,0
IM-0617-0001.jpeg,0
IM-0590-0001.jpeg,0
IM-0586-0001.jpeg,0
IM-0612-0001-0002.jpeg,0
IM-0615-0001.jpeg,0
IM-0618-0001-0001.jpeg,0
IM-0618-0001.jpeg,0
IM-0612-0001.jpeg,0
IM-0582-0001.jpeg,0
IM-0593-0001.jpeg,0
IM-0591-0001.jpeg,0
IM-0608-0001-0001.jpeg,0
IM-0602-0001.jpeg,0
IM-0601-0001.jpeg,0
IM-0616-0001.jpeg,0
IM-0584-0001.jpeg,0
IM-0595-0001.jpeg,0
IM-0605-0001.jpeg,0
IM-0583-0001.jpeg,0
IM-0596-0001.jpeg,0
IM-0608-0001.jpeg,0
IM-0598-0001.jpeg,0
IM-0600-0001.jpeg,0
IM-0588-0001.jpeg,0
IM-0599-0001.jpeg,0
IM-0614-0001.jpeg,0
IM-0606-0001.jpeg,0
IM-0618-0001-0002.jpeg,0
IM-0629-0001-0003.jpeg,0
IM-0626-0001-0002.jpeg,0
IM-0641-0001.jpeg,0
IM-0640-0001.jpeg,0
IM-0622-0001-0001.jpeg,0
IM-0622-0001-0002.jpeg,0
IM-0619-0001.jpeg,0
IM-0629-0001.jpeg,0
IM-0640-0001-0002.jpeg,0
IM-0624-0001.jpeg,0
IM-0636-0001.jpeg,0
IM-0624-0001-0002.jpeg,0
IM-0622-0001.jpeg,0
IM-0631-0001-0001.jpeg,0
IM-0627-0001.jpeg,0
IM-0628-0001.jpeg,0
IM-0631-0001-0002.jpeg,0
IM-0620-0001-0002.jpeg,0
IM-0633-0001.jpeg,0
IM-0621-0001.jpeg,0
IM-0632-0001.jpeg,0
IM-0620-0001.jpeg,0
IM-0630-0001.jpeg,0
IM-0637-0001.jpeg,0
IM-0620-0001-0001.jpeg,0
IM-0623-0001.jpeg,0
IM-0629-0001-0002.jpeg,0
IM-0629-0001-0001.jpeg,0
IM-0631-0001.jpeg,0
IM-0634-0001.jpeg,0
IM-0626-0001-0001.jpeg,0
IM-0640-0001-0001.jpeg,0
IM-0625-0001.jpeg,0
IM-0635-0001.jpeg,0
IM-0655-0001.jpeg,0
IM-0665-0001.jpeg,0
IM-0645-0001.jpeg,0
IM-0650-0001-0002.jpeg,0
IM-0650-0001.jpeg,0
IM-0643-0001.jpeg,0
IM-0642-0001.jpeg,0
IM-0656-0001.jpeg,0
IM-0666-0001-0001.jpeg,0
IM-0650-0001-0001.jpeg,0
IM-0660-0001-0001.jpeg,0
IM-0644-0001.jpeg,0
IM-0662-0001.jpeg,0
IM-0644-0001-0002.jpeg,0
IM-0656-0001-0001.jpeg,0
IM-0646-0001.jpeg,0
IM-0659-0001.jpeg,0
IM-0658-0001.jpeg,0
IM-0654-0001.jpeg,0
IM-0656-0001-0002.jpeg,0
IM-0657-0001.jpeg,0
IM-0652-0001.jpeg,0
IM-0660-0001.jpeg,0
IM-0652-0001-0002.jpeg,0
IM-0664-0001.jpeg,0
IM-0660-0001-0002.jpeg,0
IM-0647-0001.jpeg,0
IM-0651-0001.jpeg,0
IM-0644-0001-0001.jpeg,0
IM-0666-0001-0002.jpeg,0
IM-0649-0001.jpeg,0
IM-0661-0001.jpeg,0
IM-0648-0001.jpeg,0
IM-0663-0001.jpeg,0
IM-0669-0001.jpeg,0
IM-0695-0001.jpeg,0
IM-0688-0001.jpeg,0
IM-0674-0001.jpeg,0
IM-0681-0001.jpeg,0
IM-0670-0001.jpeg,0
IM-0685-0001.jpeg,0
IM-0694-0001.jpeg,0
IM-0676-0001.jpeg,0
IM-0673-0001.jpeg,0
IM-0683-0001.jpeg,0
IM-0692-0001.jpeg,0
IM-0675-0001.jpeg,0
IM-0696-0001.jpeg,0
IM-0668-0001.jpeg,0
IM-0682-0001.jpeg,0
IM-0672-0001.jpeg,0
IM-0679-0001.jpeg,0
IM-0680-0001.jpeg,0
IM-0686-0001.jpeg,0
IM-0677-0001.jpeg,0
IM-0666-0001.jpeg,0
IM-0698-0001.jpeg,0
IM-0687-0001.jpeg,0
IM-0678-0001.jpeg,0
IM-0671-0001.jpeg,0
IM-0689-0001.jpeg,0
IM-0691-0001.jpeg,0
IM-0667-0001.jpeg,0
IM-0684-0001.jpeg,0
IM-0693-0001.jpeg,0
IM-0697-0001.jpeg,0
IM-0703-0001.jpeg,0
IM-0710-0001.jpeg,0
IM-0709-0001.jpeg,0
IM-0719-0001.jpeg,0
IM-0734-0001.jpeg,0
IM-0704-0001.jpeg,0
IM-0737-0001.jpeg,0
IM-0721-0001.jpeg,0
IM-0707-0001.jpeg,0
IM-0739-0001.jpeg,0
IM-0727-0001.jpeg,0
IM-0706-0001.jpeg,0
IM-0729-0001.jpeg,0
IM-0733-0001.jpeg,0
IM-0713-0001.jpeg,0
IM-0712-0001.jpeg,0
IM-0711-0001.jpeg,0
IM-0716-0001.jpeg,0
IM-0702-0001.jpeg,0
IM-0718-0001.jpeg,0
IM-0730-0001.jpeg,0
IM-0728-0001.jpeg,0
IM-0735-0001.jpeg,0
IM-0700-0001.jpeg,0
IM-0705-0001.jpeg,0
IM-0715-0001.jpeg,0
IM-0732-0001.jpeg,0
IM-0724-0001.jpeg,0
IM-0714-0001.jpeg,0
IM-0722-0001.jpeg,0
IM-0740-0001.jpeg,0
IM-0738-0001.jpeg,0
IM-0717-0001.jpeg,0
IM-0736-0001.jpeg,0
IM-0701-0001.jpeg,0
NORMAL2-IM-0384-0001.jpeg,0
IM-0753-0001.jpeg,0
NORMAL2-IM-0394-0001.jpeg,0
IM-0766-0001.jpeg,0
NORMAL2-IM-0404-0001.jpeg,0
IM-0751-0001.jpeg,0
IM-0761-0001.jpeg,0
NORMAL2-IM-0392-0001.jpeg,0
NORMAL2-IM-0395-0001-0001.jpeg,0
IM-0754-0001.jpeg,0
IM-0748-0001.jpeg,0
NORMAL2-IM-0399-0001.jpeg,0
NORMAL2-IM-0395-0001.jpeg,0
NORMAL2-IM-0395-0001-0002.jpeg,0
IM-0746-0001.jpeg,0
IM-0764-0001.jpeg,0
IM-0752-0001.jpeg,0
NORMAL2-IM-0406-0001.jpeg,0
NORMAL2-IM-0390-0001.jpeg,0
NORMAL2-IM-0403-0001.jpeg,0
IM-0747-0001.jpeg,0
NORMAL2-IM-0397-0001.jpeg,0
IM-0742-0001.jpeg,0
NORMAL2-IM-0385-0001.jpeg,0
NORMAL2-IM-0386-0001.jpeg,0
NORMAL2-IM-0393-0001.jpeg,0
NORMAL2-IM-0402-0001.jpeg,0
IM-0741-0001.jpeg,0
NORMAL2-IM-0383-0001.jpeg,0
NORMAL2-IM-0388-0001.jpeg,0
IM-0757-0001.jpeg,0
NORMAL2-IM-0391-0001.jpeg,0
NORMAL2-IM-0389-0001.jpeg,0
NORMAL2-IM-0401-0001.jpeg,0
NORMAL2-IM-0396-0001.jpeg,0
IM-0750-0001.jpeg,0
IM-0755-0001.jpeg,0
NORMAL2-IM-0409-0001.jpeg,0
NORMAL2-IM-0439-0001.jpeg,0
NORMAL2-IM-0416-0001-0002.jpeg,0
NORMAL2-IM-0427-0001.jpeg,0
NORMAL2-IM-0407-0001.jpeg,0
NORMAL2-IM-0417-0001.jpeg,0
NORMAL2-IM-0428-0001.jpeg,0
NORMAL2-IM-0419-0001.jpeg,0
NORMAL2-IM-0440-0001.jpeg,0
NORMAL2-IM-0408-0001.jpeg,0
NORMAL2-IM-0435-0001.jpeg,0
NORMAL2-IM-0421-0001.jpeg,0
NORMAL2-IM-0437-0001.jpeg,0
NORMAL2-IM-0425-0001.jpeg,0
NORMAL2-IM-0410-0001.jpeg,0
NORMAL2-IM-0424-0001.jpeg,0
NORMAL2-IM-0413-0001.jpeg,0
NORMAL2-IM-0429-0001.jpeg,0
NORMAL2-IM-0416-0001.jpeg,0
NORMAL2-IM-0416-0001-0001.jpeg,0
NORMAL2-IM-0412-0001.jpeg,0
NORMAL2-IM-0415-0001.jpeg,0
NORMAL2-IM-0433-0001.jpeg,0
NORMAL2-IM-0414-0001.jpeg,0
NORMAL2-IM-0441-0001.jpeg,0
NORMAL2-IM-0418-0001.jpeg,0
NORMAL2-IM-0423-0001.jpeg,0
NORMAL2-IM-0447-0001.jpeg,0
NORMAL2-IM-0468-0001.jpeg,0
NORMAL2-IM-0481-0001.jpeg,0
NORMAL2-IM-0451-0001.jpeg,0
NORMAL2-IM-0487-0001.jpeg,0
NORMAL2-IM-0479-0001.jpeg,0
NORMAL2-IM-0476-0001.jpeg,0
NORMAL2-IM-0475-0001.jpeg,0
NORMAL2-IM-0460-0001.jpeg,0
NORMAL2-IM-0454-0001.jpeg,0
NORMAL2-IM-0473-0001.jpeg,0
NORMAL2-IM-0466-0001.jpeg,0
NORMAL2-IM-0453-0001.jpeg,0
NORMAL2-IM-0480-0001.jpeg,0
NORMAL2-IM-0472-0001.jpeg,0
NORMAL2-IM-0478-0001.jpeg,0
NORMAL2-IM-0450-0001.jpeg,0
NORMAL2-IM-0489-0001.jpeg,0
NORMAL2-IM-0462-0001.jpeg,0
NORMAL2-IM-0488-0001.jpeg,0
NORMAL2-IM-0445-0001.jpeg,0
NORMAL2-IM-0486-0001.jpeg,0
NORMAL2-IM-0474-0001.jpeg,0
NORMAL2-IM-0465-0001.jpeg,0
NORMAL2-IM-0458-0001.jpeg,0
NORMAL2-IM-0482-0001.jpeg,0
NORMAL2-IM-0449-0001.jpeg,0
NORMAL2-IM-0452-0001.jpeg,0
NORMAL2-IM-0464-0001.jpeg,0
NORMAL2-IM-0455-0001.jpeg,0
NORMAL2-IM-0456-0001.jpeg,0
NORMAL2-IM-0485-0001.jpeg,0
NORMAL2-IM-0443-0001.jpeg,0
NORMAL2-IM-0448-0001.jpeg,0
NORMAL2-IM-0463-0001.jpeg,0
NORMAL2-IM-0493-0001.jpeg,0
NORMAL2-IM-0502-0001.jpeg,0
NORMAL2-IM-0509-0001.jpeg,0
NORMAL2-IM-0507-0001.jpeg,0
NORMAL2-IM-0503-0001.jpeg,0
NORMAL2-IM-0496-0001.jpeg,0
NORMAL2-IM-0497-0001.jpeg,0
NORMAL2-IM-0490-0001.jpeg,0
NORMAL2-IM-0500-0001.jpeg,0
NORMAL2-IM-0517-0001.jpeg,0
NORMAL2-IM-0515-0001.jpeg,0
NORMAL2-IM-0499-0001.jpeg,0
NORMAL2-IM-0530-0001.jpeg,0
NORMAL2-IM-0533-0001.jpeg,0
NORMAL2-IM-0525-0001.jpeg,0
NORMAL2-IM-0508-0001.jpeg,0
NORMAL2-IM-0511-0001.jpeg,0
NORMAL2-IM-0491-0001.jpeg,0
NORMAL2-IM-0518-0001.jpeg,0
NORMAL2-IM-0506-0001.jpeg,0
NORMAL2-IM-0528-0001.jpeg,0
NORMAL2-IM-0522-0001.jpeg,0
NORMAL2-IM-0529-0001.jpeg,0
NORMAL2-IM-0523-0001.jpeg,0
NORMAL2-IM-0526-0001.jpeg,0
NORMAL2-IM-0516-0001.jpeg,0
NORMAL2-IM-0520-0001.jpeg,0
NORMAL2-IM-0513-0001.jpeg,0
NORMAL2-IM-0521-0001.jpeg,0
NORMAL2-IM-0501-0001.jpeg,0
NORMAL2-IM-0512-0001.jpeg,0
NORMAL2-IM-0531-0001.jpeg,0
NORMAL2-IM-0558-0001.jpeg,0
NORMAL2-IM-0572-0001.jpeg,0
NORMAL2-IM-0566-0001.jpeg,0
NORMAL2-IM-0568-0001.jpeg,0
NORMAL2-IM-0540-0001.jpeg,0
NORMAL2-IM-0537-0001.jpeg,0
NORMAL2-IM-0547-0001.jpeg,0
NORMAL2-IM-0536-0001.jpeg,0
NORMAL2-IM-0543-0001.jpeg,0
NORMAL2-IM-0539-0001.jpeg,0
NORMAL2-IM-0567-0001.jpeg,0
NORMAL2-IM-0571-0001.jpeg,0
NORMAL2-IM-0559-0001.jpeg,0
NORMAL2-IM-0563-0001.jpeg,0
NORMAL2-IM-0555-0001.jpeg,0
NORMAL2-IM-0551-0001.jpeg,0
NORMAL2-IM-0564-0001.jpeg,0
NORMAL2-IM-0555-0001-0002.jpeg,0
NORMAL2-IM-0535-0001-0002.jpeg,0
NORMAL2-IM-0541-0001.jpeg,0
NORMAL2-IM-0569-0001.jpeg,0
NORMAL2-IM-0553-0001.jpeg,0
NORMAL2-IM-0552-0001.jpeg,0
NORMAL2-IM-0535-0001.jpeg,0
NORMAL2-IM-0555-0001-0001.jpeg,0
NORMAL2-IM-0557-0001.jpeg,0
NORMAL2-IM-0561-0001.jpeg,0
NORMAL2-IM-0545-0001.jpeg,0
NORMAL2-IM-0550-0001.jpeg,0
NORMAL2-IM-0554-0001.jpeg,0
NORMAL2-IM-0576-0001.jpeg,0
NORMAL2-IM-0573-0001.jpeg,0
NORMAL2-IM-0579-0001.jpeg,0
NORMAL2-IM-0577-0001.jpeg,0
NORMAL2-IM-0602-0001.jpeg,0
NORMAL2-IM-0580-0001.jpeg,0
NORMAL2-IM-0600-0001.jpeg,0
NORMAL2-IM-0601-0001.jpeg,0
NORMAL2-IM-0589-0001.jpeg,0
NORMAL2-IM-0587-0001-0001.jpeg,0
NORMAL2-IM-0582-0001.jpeg,0
NORMAL2-IM-0585-0001.jpeg,0
NORMAL2-IM-0594-0001.jpeg,0
NORMAL2-IM-0588-0001.jpeg,0
NORMAL2-IM-0592-0001.jpeg,0
NORMAL2-IM-0603-0001.jpeg,0
NORMAL2-IM-0578-0001.jpeg,0
NORMAL2-IM-0599-0001.jpeg,0
NORMAL2-IM-0583-0001.jpeg,0
NORMAL2-IM-0595-0001.jpeg,0
NORMAL2-IM-0587-0001-0002.jpeg,0
NORMAL2-IM-0596-0001.jpeg,0
NORMAL2-IM-0587-0001.jpeg,0
NORMAL2-IM-0575-0001.jpeg,0
NORMAL2-IM-0635-0001.jpeg,0
NORMAL2-IM-0629-0001.jpeg,0
NORMAL2-IM-0626-0001.jpeg,0
NORMAL2-IM-0621-0001.jpeg,0
NORMAL2-IM-0620-0001.jpeg,0
NORMAL2-IM-0637-0001.jpeg,0
NORMAL2-IM-0616-0001.jpeg,0
NORMAL2-IM-0650-0001.jpeg,0
NORMAL2-IM-0622-0001.jpeg,0
NORMAL2-IM-0623-0001.jpeg,0
NORMAL2-IM-0645-0001.jpeg,0
NORMAL2-IM-0642-0001.jpeg,0
NORMAL2-IM-0619-0001.jpeg,0
NORMAL2-IM-0649-0001.jpeg,0
NORMAL2-IM-0647-0001.jpeg,0
NORMAL2-IM-0609-0001.jpeg,0
NORMAL2-IM-0641-0001.jpeg,0
NORMAL2-IM-0611-0001.jpeg,0
NORMAL2-IM-0640-0001.jpeg,0
NORMAL2-IM-0627-0001.jpeg,0
NORMAL2-IM-0634-0001.jpeg,0
NORMAL2-IM-0618-0001.jpeg,0
NORMAL2-IM-0633-0001.jpeg,0
NORMAL2-IM-0636-0001.jpeg,0
NORMAL2-IM-0648-0001.jpeg,0
NORMAL2-IM-0651-0001.jpeg,0
NORMAL2-IM-0643-0001.jpeg,0
NORMAL2-IM-0630-0001.jpeg,0
NORMAL2-IM-0617-0001.jpeg,0
NORMAL2-IM-0604-0001.jpeg,0
NORMAL2-IM-0684-0001-0001.jpeg,0
NORMAL2-IM-0653-0001.jpeg,0
NORMAL2-IM-0651-0004.jpeg,0
NORMAL2-IM-0686-0001.jpeg,0
NORMAL2-IM-0680-0001.jpeg,0
NORMAL2-IM-0682-0001.jpeg,0
NORMAL2-IM-0657-0001.jpeg,0
NORMAL2-IM-0665-0001.jpeg,0
NORMAL2-IM-0671-0001.jpeg,0
NORMAL2-IM-0655-0001.jpeg,0
NORMAL2-IM-0678-0001.jpeg,0
NORMAL2-IM-0693-0001.jpeg,0
NORMAL2-IM-0673-0001.jpeg,0
NORMAL2-IM-0663-0001.jpeg,0
NORMAL2-IM-0661-0001.jpeg,0
NORMAL2-IM-0669-0001.jpeg,0
NORMAL2-IM-0659-0001.jpeg,0
NORMAL2-IM-0660-0001.jpeg,0
NORMAL2-IM-0654-0001.jpeg,0
NORMAL2-IM-0662-0001.jpeg,0
NORMAL2-IM-0687-0001.jpeg,0
NORMAL2-IM-0689-0001.jpeg,0
NORMAL2-IM-0666-0001.jpeg,0
NORMAL2-IM-0683-0001.jpeg,0
NORMAL2-IM-0652-0001.jpeg,0
NORMAL2-IM-0672-0001.jpeg,0
NORMAL2-IM-0690-0001.jpeg,0
NORMAL2-IM-0664-0001.jpeg,0
NORMAL2-IM-0667-0001.jpeg,0
NORMAL2-IM-0668-0001.jpeg,0
NORMAL2-IM-0692-0001.jpeg,0
NORMAL2-IM-0675-0001.jpeg,0
NORMAL2-IM-0793-0001.jpeg,0
NORMAL2-IM-0719-0001.jpeg,0
NORMAL2-IM-0774-0001.jpeg,0
NORMAL2-IM-0765-0001.jpeg,0
NORMAL2-IM-0695-0001.jpeg,0
NORMAL2-IM-0776-0001.jpeg,0
NORMAL2-IM-0790-0001.jpeg,0
NORMAL2-IM-0694-0001.jpeg,0
NORMAL2-IM-0736-0001.jpeg,0
NORMAL2-IM-0730-0001.jpeg,0
NORMAL2-IM-0757-0001.jpeg,0
NORMAL2-IM-0727-0001.jpeg,0
NORMAL2-IM-0804-0001.jpeg,0
NORMAL2-IM-0705-0001.jpeg,0
NORMAL2-IM-0749-0001.jpeg,0
NORMAL2-IM-0771-0001.jpeg,0
NORMAL2-IM-0696-0001.jpeg,0
NORMAL2-IM-0803-0001.jpeg,0
NORMAL2-IM-0753-0001.jpeg,0
NORMAL2-IM-0781-0001.jpeg,0
NORMAL2-IM-0699-0001.jpeg,0
NORMAL2-IM-0741-0001.jpeg,0
NORMAL2-IM-0718-0001.jpeg,0
NORMAL2-IM-0798-0001.jpeg,0
NORMAL2-IM-0702-0001.jpeg,0
NORMAL2-IM-0700-0001.jpeg,0
NORMAL2-IM-0723-0001.jpeg,0
NORMAL2-IM-0797-0001.jpeg,0
NORMAL2-IM-0744-0001.jpeg,0
NORMAL2-IM-0775-0001.jpeg,0
NORMAL2-IM-0796-0001.jpeg,0
NORMAL2-IM-0746-0001.jpeg,0
NORMAL2-IM-0777-0001.jpeg,0
NORMAL2-IM-0707-0001.jpeg,0
NORMAL2-IM-0698-0001.jpeg,0
NORMAL2-IM-0725-0001.jpeg,0
NORMAL2-IM-0799-0001.jpeg,0
NORMAL2-IM-0772-0001.jpeg,0
NORMAL2-IM-0780-0001.jpeg,0
NORMAL2-IM-0807-0001.jpeg,0
NORMAL2-IM-0830-0001.jpeg,0
NORMAL2-IM-0826-0001.jpeg,0
NORMAL2-IM-0838-0001.jpeg,0
NORMAL2-IM-0815-0001.jpeg,0
NORMAL2-IM-0808-0001.jpeg,0
NORMAL2-IM-0836-0001.jpeg,0
NORMAL2-IM-0837-0001.jpeg,0
NORMAL2-IM-0820-0001.jpeg,0
NORMAL2-IM-0828-0001.jpeg,0
NORMAL2-IM-0821-0001.jpeg,0
NORMAL2-IM-0824-0001.jpeg,0
NORMAL2-IM-0811-0001.jpeg,0
NORMAL2-IM-0810-0001.jpeg,0
NORMAL2-IM-0834-0001.jpeg,0
NORMAL2-IM-0814-0001.jpeg,0
NORMAL2-IM-0832-0001-0001.jpeg,0
NORMAL2-IM-0829-0001.jpeg,0
NORMAL2-IM-0809-0001.jpeg,0
NORMAL2-IM-0825-0001.jpeg,0
NORMAL2-IM-0831-0001.jpeg,0
NORMAL2-IM-0819-0001.jpeg,0
NORMAL2-IM-0816-0001.jpeg,0
NORMAL2-IM-0832-0001-0002.jpeg,0
NORMAL2-IM-0833-0001.jpeg,0
NORMAL2-IM-0832-0001.jpeg,0
NORMAL2-IM-0806-0001.jpeg,0
NORMAL2-IM-0818-0001-0002.jpeg,0
NORMAL2-IM-0822-0001.jpeg,0
NORMAL2-IM-0812-0001.jpeg,0
NORMAL2-IM-0818-0001.jpeg,0
NORMAL2-IM-0827-0001.jpeg,0
NORMAL2-IM-0848-0001.jpeg,0
NORMAL2-IM-0840-0001.jpeg,0
NORMAL2-IM-0865-0001.jpeg,0
NORMAL2-IM-0841-0001.jpeg,0
NORMAL2-IM-0851-0001.jpeg,0
NORMAL2-IM-0842-0001.jpeg,0
NORMAL2-IM-0869-0001.jpeg,0
NORMAL2-IM-0839-0001.jpeg,0
NORMAL2-IM-0873-0001.jpeg,0
NORMAL2-IM-0851-0001-0001.jpeg,0
NORMAL2-IM-0867-0001.jpeg,0
NORMAL2-IM-0872-0001.jpeg,0
NORMAL2-IM-0857-0001.jpeg,0
NORMAL2-IM-0853-0001.jpeg,0
NORMAL2-IM-0870-0001.jpeg,0
NORMAL2-IM-0856-0001.jpeg,0
NORMAL2-IM-0863-0001.jpeg,0
NORMAL2-IM-0846-0001.jpeg,0
NORMAL2-IM-0851-0001-0002.jpeg,0
NORMAL2-IM-0871-0001.jpeg,0
NORMAL2-IM-0862-0001.jpeg,0
NORMAL2-IM-0859-0001.jpeg,0
NORMAL2-IM-0849-0001.jpeg,0
NORMAL2-IM-0860-0001.jpeg,0
NORMAL2-IM-0854-0001.jpeg,0
NORMAL2-IM-0847-0001.jpeg,0
NORMAL2-IM-0858-0001.jpeg,0
NORMAL2-IM-0866-0001.jpeg,0
NORMAL2-IM-0843-0001.jpeg,0
NORMAL2-IM-0852-0001.jpeg,0
NORMAL2-IM-0855-0001.jpeg,0
NORMAL2-IM-0845-0001.jpeg,0
NORMAL2-IM-0868-0001.jpeg,0
NORMAL2-IM-0893-0001.jpeg,0
NORMAL2-IM-0895-0001.jpeg,0
NORMAL2-IM-0882-0001.jpeg,0
NORMAL2-IM-0876-0001.jpeg,0
NORMAL2-IM-0906-0001.jpeg,0
NORMAL2-IM-0886-0001.jpeg,0
NORMAL2-IM-0899-0001.jpeg,0
NORMAL2-IM-0898-0001.jpeg,0
NORMAL2-IM-0875-0001.jpeg,0
NORMAL2-IM-0897-0001.jpeg,0
NORMAL2-IM-0877-0001.jpeg,0
NORMAL2-IM-0890-0001.jpeg,0
NORMAL2-IM-0892-0001.jpeg,0
NORMAL2-IM-0904-0001.jpeg,0
NORMAL2-IM-0908-0001.jpeg,0
NORMAL2-IM-0900-0001.jpeg,0
NORMAL2-IM-0879-0001.jpeg,0
NORMAL2-IM-0880-0001.jpeg,0
NORMAL2-IM-0885-0001.jpeg,0
NORMAL2-IM-0887-0001.jpeg,0
NORMAL2-IM-0907-0001.jpeg,0
NORMAL2-IM-0888-0001.jpeg,0
NORMAL2-IM-0903-0001.jpeg,0
NORMAL2-IM-0894-0001.jpeg,0
NORMAL2-IM-0896-0001.jpeg,0
NORMAL2-IM-0874-0001.jpeg,0
NORMAL2-IM-0881-0001.jpeg,0
NORMAL2-IM-0905-0001.jpeg,0
NORMAL2-IM-0933-0001.jpeg,0
NORMAL2-IM-0930-0001.jpeg,0
NORMAL2-IM-0909-0001.jpeg,0
NORMAL2-IM-0937-0001.jpeg,0
NORMAL2-IM-0923-0001.jpeg,0
NORMAL2-IM-0941-0001.jpeg,0
NORMAL2-IM-0929-0001.jpeg,0
NORMAL2-IM-0932-0001.jpeg,0
NORMAL2-IM-0935-0001.jpeg,0
NORMAL2-IM-0926-0001.jpeg,0
NORMAL2-IM-0919-0001.jpeg,0
NORMAL2-IM-0934-0001.jpeg,0
NORMAL2-IM-0924-0001.jpeg,0
NORMAL2-IM-0939-0001.jpeg,0
NORMAL2-IM-0922-0001.jpeg,0
NORMAL2-IM-0917-0001.jpeg,0
NORMAL2-IM-0925-0001.jpeg,0
NORMAL2-IM-0910-0001.jpeg,0
NORMAL2-IM-0927-0001.jpeg,0
NORMAL2-IM-0915-0001.jpeg,0
NORMAL2-IM-0913-0001.jpeg,0
NORMAL2-IM-0918-0001.jpeg,0
NORMAL2-IM-0931-0001.jpeg,0
NORMAL2-IM-0936-0001.jpeg,0
NORMAL2-IM-0911-0001.jpeg,0
NORMAL2-IM-0912-0001.jpeg,0
NORMAL2-IM-0914-0001.jpeg,0
NORMAL2-IM-0949-0001.jpeg,0
NORMAL2-IM-0956-0001.jpeg,0
NORMAL2-IM-0976-0001.jpeg,0
NORMAL2-IM-0971-0001-0002.jpeg,0
NORMAL2-IM-0970-0001.jpeg,0
NORMAL2-IM-0944-0001.jpeg,0
NORMAL2-IM-0959-0001.jpeg,0
NORMAL2-IM-0947-0001.jpeg,0
NORMAL2-IM-0948-0001.jpeg,0
NORMAL2-IM-0962-0001.jpeg,0
NORMAL2-IM-0954-0001.jpeg,0
NORMAL2-IM-0974-0001.jpeg,0
NORMAL2-IM-0980-0001.jpeg,0
NORMAL2-IM-0975-0001.jpeg,0
NORMAL2-IM-0978-0001.jpeg,0
NORMAL2-IM-0955-0001.jpeg,0
NORMAL2-IM-0966-0001.jpeg,0
NORMAL2-IM-0946-0001.jpeg,0
NORMAL2-IM-0957-0001.jpeg,0
NORMAL2-IM-0945-0001.jpeg,0
NORMAL2-IM-0951-0001.jpeg,0
NORMAL2-IM-0981-0001.jpeg,0
NORMAL2-IM-0969-0001.jpeg,0
NORMAL2-IM-0967-0001.jpeg,0
NORMAL2-IM-0979-0001.jpeg,0
NORMAL2-IM-0965-0001.jpeg,0
NORMAL2-IM-0971-0001-0001.jpeg,0
NORMAL2-IM-0977-0001.jpeg,0
NORMAL2-IM-0942-0001.jpeg,0
NORMAL2-IM-0950-0001.jpeg,0
NORMAL2-IM-0952-0001.jpeg,0
NORMAL2-IM-0961-0001.jpeg,0
NORMAL2-IM-0960-0001.jpeg,0
NORMAL2-IM-1002-0001.jpeg,0
NORMAL2-IM-1008-0001.jpeg,0
NORMAL2-IM-1018-0001.jpeg,0
NORMAL2-IM-0999-0001.jpeg,0
NORMAL2-IM-1016-0001.jpeg,0
NORMAL2-IM-0987-0001.jpeg,0
NORMAL2-IM-0983-0001.jpeg,0
NORMAL2-IM-0992-0001.jpeg,0
NORMAL2-IM-0995-0001.jpeg,0
NORMAL2-IM-1011-0001.jpeg,0
NORMAL2-IM-0998-0001.jpeg,0
NORMAL2-IM-1001-0001.jpeg,0
NORMAL2-IM-0983-0001-0002.jpeg,0
NORMAL2-IM-0983-0001-0001.jpeg,0
NORMAL2-IM-1014-0001.jpeg,0
NORMAL2-IM-0995-0001-0001.jpeg,0
NORMAL2-IM-1004-0001.jpeg,0
NORMAL2-IM-0995-0001-0002.jpeg,0
NORMAL2-IM-0997-0001.jpeg,0
NORMAL2-IM-1006-0001.jpeg,0
NORMAL2-IM-0994-0001.jpeg,0
NORMAL2-IM-0986-0001.jpeg,0
NORMAL2-IM-1017-0001.jpeg,0
NORMAL2-IM-1005-0001.jpeg,0
NORMAL2-IM-0989-0001.jpeg,0
NORMAL2-IM-1010-0001.jpeg,0
NORMAL2-IM-0988-0001.jpeg,0
NORMAL2-IM-1015-0001.jpeg,0
NORMAL2-IM-0993-0001.jpeg,0
NORMAL2-IM-1027-0001.jpeg,0
NORMAL2-IM-1050-0001.jpeg,0
NORMAL2-IM-1048-0001.jpeg,0
NORMAL2-IM-1049-0001.jpeg,0
NORMAL2-IM-1024-0001.jpeg,0
NORMAL2-IM-1023-0001.jpeg,0
NORMAL2-IM-1030-0001.jpeg,0
NORMAL2-IM-1033-0001.jpeg,0
NORMAL2-IM-1020-0001-0002.jpeg,0
NORMAL2-IM-1052-0001.jpeg,0
NORMAL2-IM-1044-0001.jpeg,0
NORMAL2-IM-1037-0001.jpeg,0
NORMAL2-IM-1040-0001.jpeg,0
NORMAL2-IM-1020-0001-0001.jpeg,0
NORMAL2-IM-1043-0001.jpeg,0
NORMAL2-IM-1028-0001.jpeg,0
NORMAL2-IM-1022-0001.jpeg,0
NORMAL2-IM-1020-0001.jpeg,0
NORMAL2-IM-1019-0001.jpeg,0
NORMAL2-IM-1046-0001.jpeg,0
NORMAL2-IM-1035-0001.jpeg,0
NORMAL2-IM-1047-0001.jpeg,0
NORMAL2-IM-1026-0001.jpeg,0
NORMAL2-IM-1045-0001.jpeg,0
NORMAL2-IM-1038-0001.jpeg,0
NORMAL2-IM-1039-0001.jpeg,0
NORMAL2-IM-1041-0001.jpeg,0
NORMAL2-IM-1051-0001.jpeg,0
NORMAL2-IM-1025-0001.jpeg,0
NORMAL2-IM-1058-0001.jpeg,0
NORMAL2-IM-1067-0001-0001.jpeg,0
NORMAL2-IM-1094-0001-0001.jpeg,0
NORMAL2-IM-1096-0001-0003.jpeg,0
NORMAL2-IM-1096-0001.jpeg,0
NORMAL2-IM-1086-0001.jpeg,0
NORMAL2-IM-1094-0001.jpeg,0
NORMAL2-IM-1067-0001.jpeg,0
NORMAL2-IM-1073-0001.jpeg,0
NORMAL2-IM-1098-0001.jpeg,0
NORMAL2-IM-1102-0001-0002.jpeg,0
NORMAL2-IM-1059-0001.jpeg,0
NORMAL2-IM-1090-0001.jpeg,0
NORMAL2-IM-1064-0001.jpeg,0
NORMAL2-IM-1093-0001.jpeg,0
NORMAL2-IM-1056-0001.jpeg,0
NORMAL2-IM-1088-0001.jpeg,0
NORMAL2-IM-1103-0001-0001.jpeg,0
NORMAL2-IM-1096-0001-0001.jpeg,0
NORMAL2-IM-1091-0001.jpeg,0
NORMAL2-IM-1104-0001.jpeg,0
NORMAL2-IM-1060-0001.jpeg,0
NORMAL2-IM-1055-0001.jpeg,0
NORMAL2-IM-1089-0001.jpeg,0
NORMAL2-IM-1100-0001.jpeg,0
NORMAL2-IM-1094-0001-0002.jpeg,0
NORMAL2-IM-1054-0001.jpeg,0
NORMAL2-IM-1053-0001.jpeg,0
NORMAL2-IM-1102-0001.jpeg,0
NORMAL2-IM-1062-0001.jpeg,0
NORMAL2-IM-1084-0001.jpeg,0
NORMAL2-IM-1102-0001-0001.jpeg,0
NORMAL2-IM-1122-0001.jpeg,0
NORMAL2-IM-1142-0001-0001.jpeg,0
NORMAL2-IM-1130-0001.jpeg,0
NORMAL2-IM-1125-0001.jpeg,0
NORMAL2-IM-1111-0001.jpeg,0
NORMAL2-IM-1123-0001.jpeg,0
NORMAL2-IM-1113-0001.jpeg,0
NORMAL2-IM-1128-0001.jpeg,0
NORMAL2-IM-1126-0001.jpeg,0
NORMAL2-IM-1117-0001.jpeg,0
NORMAL2-IM-1136-0001.jpeg,0
NORMAL2-IM-1106-0001.jpeg,0
NORMAL2-IM-1109-0001.jpeg,0
NORMAL2-IM-1128-0001-0002.jpeg,0
NORMAL2-IM-1116-0001-0002.jpeg,0
NORMAL2-IM-1138-0001.jpeg,0
NORMAL2-IM-1134-0001.jpeg,0
NORMAL2-IM-1127-0001.jpeg,0
NORMAL2-IM-1124-0001.jpeg,0
NORMAL2-IM-1116-0001-0001.jpeg,0
NORMAL2-IM-1141-0001.jpeg,0
NORMAL2-IM-1116-0001.jpeg,0
NORMAL2-IM-1135-0001.jpeg,0
NORMAL2-IM-1110-0001.jpeg,0
NORMAL2-IM-1128-0001-0001.jpeg,0
NORMAL2-IM-1132-0001.jpeg,0
NORMAL2-IM-1118-0001.jpeg,0
NORMAL2-IM-1114-0001.jpeg,0
NORMAL2-IM-1108-0001.jpeg,0
NORMAL2-IM-1105-0001.jpeg,0
NORMAL2-IM-1131-0001.jpeg,0
NORMAL2-IM-1112-0001.jpeg,0
NORMAL2-IM-1120-0001.jpeg,0
NORMAL2-IM-1154-0001-0002.jpeg,0
NORMAL2-IM-1164-0001.jpeg,0
NORMAL2-IM-1155-0001.jpeg,0
NORMAL2-IM-1147-0001.jpeg,0
NORMAL2-IM-1152-0001-0002.jpeg,0
NORMAL2-IM-1160-0001.jpeg,0
NORMAL2-IM-1142-0001-0002.jpeg,0
NORMAL2-IM-1153-0001.jpeg,0
NORMAL2-IM-1152-0001.jpeg,0
NORMAL2-IM-1144-0001.jpeg,0
NORMAL2-IM-1171-0001.jpeg,0
NORMAL2-IM-1161-0001.jpeg,0
NORMAL2-IM-1151-0001.jpeg,0
NORMAL2-IM-1156-0001.jpeg,0
NORMAL2-IM-1152-0001-0001.jpeg,0
NORMAL2-IM-1175-0001.jpeg,0
NORMAL2-IM-1169-0001.jpeg,0
NORMAL2-IM-1157-0001.jpeg,0
NORMAL2-IM-1148-0001.jpeg,0
NORMAL2-IM-1170-0001.jpeg,0
NORMAL2-IM-1174-0001.jpeg,0
NORMAL2-IM-1168-0001.jpeg,0
NORMAL2-IM-1142-0001.jpeg,0
NORMAL2-IM-1158-0001.jpeg,0
NORMAL2-IM-1154-0001-0001.jpeg,0
NORMAL2-IM-1163-0001.jpeg,0
NORMAL2-IM-1150-0001.jpeg,0
NORMAL2-IM-1145-0001.jpeg,0
NORMAL2-IM-1154-0001.jpeg,0
NORMAL2-IM-1149-0001.jpeg,0
NORMAL2-IM-1162-0001.jpeg,0
NORMAL2-IM-1167-0001.jpeg,0
NORMAL2-IM-1173-0001.jpeg,0
NORMAL2-IM-1192-0001.jpeg,0
NORMAL2-IM-1176-0001.jpeg,0
NORMAL2-IM-1200-0001.jpeg,0
NORMAL2-IM-1185-0001.jpeg,0
NORMAL2-IM-1214-0001.jpeg,0
NORMAL2-IM-1202-0001.jpeg,0
NORMAL2-IM-1196-0001.jpeg,0
NORMAL2-IM-1188-0001.jpeg,0
NORMAL2-IM-1205-0001.jpeg,0
NORMAL2-IM-1187-0001.jpeg,0
NORMAL2-IM-1219-0001.jpeg,0
NORMAL2-IM-1201-0001.jpeg,0
NORMAL2-IM-1177-0001.jpeg,0
NORMAL2-IM-1203-0001.jpeg,0
NORMAL2-IM-1194-0001.jpeg,0
NORMAL2-IM-1218-0001.jpeg,0
NORMAL2-IM-1181-0001.jpeg,0
NORMAL2-IM-1206-0001.jpeg,0
NORMAL2-IM-1197-0001.jpeg,0
NORMAL2-IM-1183-0001.jpeg,0
NORMAL2-IM-1220-0001.jpeg,0
NORMAL2-IM-1190-0001.jpeg,0
NORMAL2-IM-1179-0001.jpeg,0
NORMAL2-IM-1198-0001.jpeg,0
NORMAL2-IM-1182-0001.jpeg,0
NORMAL2-IM-1204-0001.jpeg,0
NORMAL2-IM-1191-0001.jpeg,0
NORMAL2-IM-1178-0001.jpeg,0
NORMAL2-IM-1209-0001.jpeg,0
NORMAL2-IM-1180-0001.jpeg,0
NORMAL2-IM-1221-0001.jpeg,0
NORMAL2-IM-1184-0001.jpeg,0
NORMAL2-IM-1189-0001.jpeg,0
NORMAL2-IM-1228-0001.jpeg,0
NORMAL2-IM-1241-0001.jpeg,0
NORMAL2-IM-1245-0001.jpeg,0
NORMAL2-IM-1258-0001.jpeg,0
NORMAL2-IM-1224-0001.jpeg,0
NORMAL2-IM-1260-0001.jpeg,0
NORMAL2-IM-1247-0001.jpeg,0
NORMAL2-IM-1232-0001.jpeg,0
NORMAL2-IM-1242-0001.jpeg,0
NORMAL2-IM-1252-0001.jpeg,0
NORMAL2-IM-1258-0001-0001.jpeg,0
NORMAL2-IM-1234-0001.jpeg,0
NORMAL2-IM-1253-0001.jpeg,0
NORMAL2-IM-1243-0001.jpeg,0
NORMAL2-IM-1258-0001-0002.jpeg,0
NORMAL2-IM-1257-0001.jpeg,0
NORMAL2-IM-1240-0001.jpeg,0
NORMAL2-IM-1261-0001.jpeg,0
NORMAL2-IM-1256-0001.jpeg,0
NORMAL2-IM-1254-0001.jpeg,0
NORMAL2-IM-1222-0001.jpeg,0
NORMAL2-IM-1231-0001.jpeg,0
NORMAL2-IM-1236-0001.jpeg,0
NORMAL2-IM-1226-0001.jpeg,0
NORMAL2-IM-1227-0001.jpeg,0
NORMAL2-IM-1244-0001.jpeg,0
NORMAL2-IM-1250-0001.jpeg,0
NORMAL2-IM-1237-0001.jpeg,0
NORMAL2-IM-1223-0001.jpeg,0
NORMAL2-IM-1225-0001.jpeg,0
NORMAL2-IM-1264-0001.jpeg,0
NORMAL2-IM-1292-0001.jpeg,0
NORMAL2-IM-1277-0001-0002.jpeg,0
NORMAL2-IM-1275-0001.jpeg,0
NORMAL2-IM-1271-0001.jpeg,0
NORMAL2-IM-1281-0001.jpeg,0
NORMAL2-IM-1266-0001-0002.jpeg,0
NORMAL2-IM-1289-0001.jpeg,0
NORMAL2-IM-1287-0001.jpeg,0
NORMAL2-IM-1266-0001.jpeg,0
NORMAL2-IM-1285-0001.jpeg,0
NORMAL2-IM-1280-0001.jpeg,0
NORMAL2-IM-1279-0001.jpeg,0
NORMAL2-IM-1282-0001.jpeg,0
NORMAL2-IM-1270-0001.jpeg,0
NORMAL2-IM-1269-0001-0001.jpeg,0
NORMAL2-IM-1277-0001-0001.jpeg,0
NORMAL2-IM-1273-0001.jpeg,0
NORMAL2-IM-1286-0001.jpeg,0
NORMAL2-IM-1262-0001.jpeg,0
NORMAL2-IM-1266-0001-0001.jpeg,0
NORMAL2-IM-1288-0001.jpeg,0
NORMAL2-IM-1291-0001.jpeg,0
NORMAL2-IM-1269-0001.jpeg,0
NORMAL2-IM-1272-0001.jpeg,0
NORMAL2-IM-1277-0001.jpeg,0
NORMAL2-IM-1278-0001.jpeg,0
NORMAL2-IM-1276-0001.jpeg,0
NORMAL2-IM-1290-0001.jpeg,0
NORMAL2-IM-1274-0001.jpeg,0
NORMAL2-IM-1267-0001.jpeg,0
NORMAL2-IM-1269-0001-0002.jpeg,0
NORMAL2-IM-1321-0001.jpeg,0
NORMAL2-IM-1302-0001.jpeg,0
NORMAL2-IM-1310-0001.jpeg,0
NORMAL2-IM-1329-0001.jpeg,0
NORMAL2-IM-1294-0001-0002.jpeg,0
NORMAL2-IM-1328-0001.jpeg,0
NORMAL2-IM-1301-0001.jpeg,0
NORMAL2-IM-1316-0001.jpeg,0
NORMAL2-IM-1317-0001.jpeg,0
NORMAL2-IM-1314-0001.jpeg,0
NORMAL2-IM-1322-0001.jpeg,0
NORMAL2-IM-1294-0001.jpeg,0
NORMAL2-IM-1319-0001.jpeg,0
NORMAL2-IM-1305-0001.jpeg,0
NORMAL2-IM-1296-0001.jpeg,0
NORMAL2-IM-1320-0001.jpeg,0
NORMAL2-IM-1306-0001.jpeg,0
NORMAL2-IM-1295-0001.jpeg,0
NORMAL2-IM-1300-0001.jpeg,0
NORMAL2-IM-1326-0001.jpeg,0
NORMAL2-IM-1293-0001.jpeg,0
NORMAL2-IM-1304-0001.jpeg,0
NORMAL2-IM-1307-0001.jpeg,0
NORMAL2-IM-1294-0001-0001.jpeg,0
NORMAL2-IM-1323-0001.jpeg,0
NORMAL2-IM-1327-0001.jpeg,0
NORMAL2-IM-1318-0001.jpeg,0
NORMAL2-IM-1308-0001.jpeg,0
NORMAL2-IM-1311-0001.jpeg,0
NORMAL2-IM-1303-0001.jpeg,0
NORMAL2-IM-1315-0001.jpeg,0
NORMAL2-IM-1401-0001.jpeg,0
NORMAL2-IM-1356-0001.jpeg,0
NORMAL2-IM-1385-0001.jpeg,0
NORMAL2-IM-1396-0001.jpeg,0
NORMAL2-IM-1345-0001-0002.jpeg,0
NORMAL2-IM-1406-0001.jpeg,0
NORMAL2-IM-1400-0001.jpeg,0
NORMAL2-IM-1332-0001.jpeg,0
NORMAL2-IM-1344-0001.jpeg,0
NORMAL2-IM-1379-0001.jpeg,0
NORMAL2-IM-1419-0001.jpeg,0
NORMAL2-IM-1334-0001.jpeg,0
NORMAL2-IM-1341-0001.jpeg,0
NORMAL2-IM-1360-0001.jpeg,0
NORMAL2-IM-1348-0001.jpeg,0
NORMAL2-IM-1362-0001.jpeg,0
NORMAL2-IM-1423-0001.jpeg,0
NORMAL2-IM-1333-0001.jpeg,0
NORMAL2-IM-1343-0001.jpeg,0
NORMAL2-IM-1346-0001.jpeg,0
NORMAL2-IM-1350-0001.jpeg,0
NORMAL2-IM-1365-0001.jpeg,0
NORMAL2-IM-1330-0001.jpeg,0
NORMAL2-IM-1345-0001.jpeg,0
NORMAL2-IM-1357-0001.jpeg,0
NORMAL2-IM-1422-0001.jpeg,0
NORMAL2-IM-1349-0001.jpeg,0
NORMAL2-IM-1345-0001-0001.jpeg,0
NORMAL2-IM-1335-0001.jpeg,0
NORMAL2-IM-1337-0001.jpeg,0
NORMAL2-IM-1342-0001.jpeg,0
NORMAL2-IM-1376-0001.jpeg,0
NORMAL2-IM-1338-0001.jpeg,0
NORMAL2-IM-1336-0001.jpeg,0
NORMAL2-IM-1371-0001.jpeg,0
NORMAL2-IM-1412-0001.jpeg,0
NORMAL2-IM-1347-0001.jpeg,0
NORMAL2-IM-1351-0001.jpeg,0
IM-0128-0001.jpeg,0
IM-0119-0001.jpeg,0
IM-0117-0001.jpeg,0
IM-0115-0001.jpeg,0
IM-0122-0001.jpeg,0
IM-0125-0001.jpeg,0
IM-0127-0001.jpeg,0
IM-0183-0001.jpeg,0
IM-0177-0001.jpeg,0
IM-0137-0001.jpeg,0
IM-0176-0001.jpeg,0
IM-0178-0001.jpeg,0
IM-0147-0001.jpeg,0
IM-0172-0001.jpeg,0
IM-0158-0001.jpeg,0
IM-0185-0001.jpeg,0
IM-0160-0001.jpeg,0
IM-0168-0001.jpeg,0
IM-0129-0001.jpeg,0
IM-0156-0001.jpeg,0
IM-0166-0001.jpeg,0
IM-0133-0001.jpeg,0
IM-0187-0001.jpeg,0
IM-0131-0001.jpeg,0
IM-0164-0001.jpeg,0
IM-0135-0001.jpeg,0
IM-0189-0001.jpeg,0
IM-0170-0001.jpeg,0
IM-0154-0001.jpeg,0
IM-0151-0001.jpeg,0
IM-0143-0001.jpeg,0
IM-0182-0001.jpeg,0
IM-0152-0001.jpeg,0
IM-0180-0001.jpeg,0
IM-0145-0001.jpeg,0
IM-0162-0001.jpeg,0
IM-0149-0001.jpeg,0
IM-0141-0001.jpeg,0
IM-0140-0001.jpeg,0
IM-0209-0001.jpeg,0
IM-0220-0001.jpeg,0
IM-0211-0001.jpeg,0
IM-0199-0001.jpeg,0
IM-0238-0001.jpeg,0
IM-0229-0001.jpeg,0
IM-0213-0001.jpeg,0
IM-0205-0001.jpeg,0
IM-0210-0001.jpeg,0
IM-0225-0001.jpeg,0
IM-0214-0001.jpeg,0
IM-0235-0001.jpeg,0
IM-0228-0001.jpeg,0
IM-0218-0001.jpeg,0
IM-0222-0001.jpeg,0
IM-0237-0001.jpeg,0
IM-0215-0001.jpeg,0
IM-0203-0001.jpeg,0
IM-0230-0001.jpeg,0
IM-0206-0001.jpeg,0
IM-0217-0001.jpeg,0
IM-0227-0001.jpeg,0
IM-0216-0001.jpeg,0
IM-0226-0001.jpeg,0
IM-0224-0001.jpeg,0
IM-0195-0001.jpeg,0
IM-0191-0001.jpeg,0
IM-0223-0001.jpeg,0
IM-0219-0001.jpeg,0
IM-0221-0001.jpeg,0
IM-0231-0001.jpeg,0
IM-0239-0001.jpeg,0
IM-0234-0001.jpeg,0
IM-0193-0001.jpeg,0
IM-0207-0001.jpeg,0
IM-0201-0001.jpeg,0
IM-0236-0001.jpeg,0
IM-0264-0001.jpeg,0
IM-0253-0001.jpeg,0
IM-0257-0001.jpeg,0
IM-0241-0001.jpeg,0
IM-0251-0001.jpeg,0
IM-0280-0001.jpeg,0
IM-0278-0001.jpeg,0
IM-0249-0001.jpeg,0
IM-0270-0001.jpeg,0
IM-0274-0001.jpeg,0
IM-0266-0001.jpeg,0
IM-0250-0001.jpeg,0
IM-0265-0001.jpeg,0
IM-0262-0001.jpeg,0
IM-0282-0001.jpeg,0
IM-0276-0001.jpeg,0
IM-0273-0001.jpeg,0
IM-0242-0001.jpeg,0
IM-0283-0001.jpeg,0
IM-0285-0001.jpeg,0
IM-0261-0001.jpeg,0
IM-0255-0001.jpeg,0
IM-0244-0001.jpeg,0
IM-0279-0001.jpeg,0
IM-0275-0001.jpeg,0
IM-0269-0001.jpeg,0
IM-0272-0001.jpeg,0
IM-0268-0001.jpeg,0
IM-0245-0001.jpeg,0
IM-0277-0001.jpeg,0
IM-0243-0001.jpeg,0
IM-0248-0001.jpeg,0
IM-0240-0001.jpeg,0
IM-0256-0001.jpeg,0
IM-0318-0001.jpeg,0
IM-0320-0001.jpeg,0
IM-0316-0001.jpeg,0
IM-0290-0001.jpeg,0
IM-0314-0001.jpeg,0
IM-0308-0001.jpeg,0
IM-0297-0001.jpeg,0
IM-0319-0001.jpeg,0
IM-0325-0001.jpeg,0
IM-0309-0001.jpeg,0
IM-0315-0001.jpeg,0
IM-0292-0001.jpeg,0
IM-0289-0001.jpeg,0
IM-0293-0001.jpeg,0
IM-0311-0001.jpeg,0
IM-0301-0001.jpeg,0
IM-0303-0001.jpeg,0
IM-0324-0001.jpeg,0
IM-0323-0001.jpeg,0
IM-0312-0001.jpeg,0
IM-0300-0001.jpeg,0
IM-0294-0001.jpeg,0
IM-0306-0001.jpeg,0
IM-0295-0001.jpeg,0
IM-0288-0001.jpeg,0
IM-0307-0001.jpeg,0
IM-0302-0001.jpeg,0
IM-0291-0001.jpeg,0
IM-0286-0001.jpeg,0
IM-0317-0001.jpeg,0
IM-0313-0001.jpeg,0
IM-0304-0001.jpeg,0
IM-0299-0001.jpeg,0
IM-0305-0001.jpeg,0
IM-0298-0001.jpeg,0
IM-0361-0001.jpeg,0
IM-0331-0001.jpeg,0
IM-0341-0001.jpeg,0
IM-0339-0001.jpeg,0
IM-0350-0001.jpeg,0
IM-0365-0001.jpeg,0
IM-0368-0001.jpeg,0
IM-0353-0001.jpeg,0
IM-0351-0001.jpeg,0
IM-0337-0001.jpeg,0
IM-0347-0001.jpeg,0
IM-0345-0001.jpeg,0
IM-0338-0001.jpeg,0
IM-0359-0001.jpeg,0
IM-0329-0001.jpeg,0
IM-0358-0001.jpeg,0
IM-0335-0001.jpeg,0
IM-0371-0001.jpeg,0
IM-0354-0001.jpeg,0
IM-0330-0001.jpeg,0
IM-0343-0001.jpeg,0
IM-0355-0001.jpeg,0
IM-0364-0001.jpeg,0
IM-0349-0001.jpeg,0
IM-0369-0001.jpeg,0
IM-0332-0001.jpeg,0
IM-0327-0001.jpeg,0
IM-0346-0001.jpeg,0
IM-0356-0001.jpeg,0
IM-0363-0001.jpeg,0
IM-0326-0001.jpeg,0
IM-0367-0001.jpeg,0
IM-0362-0001.jpeg,0
IM-0370-0001.jpeg,0
IM-0340-0001.jpeg,0
IM-0357-0001.jpeg,0
IM-0333-0001.jpeg,0
IM-0348-0001.jpeg,0
IM-0404-0001.jpeg,0
IM-0391-0001.jpeg,0
IM-0388-0001.jpeg,0
IM-0414-0001.jpeg,0
IM-0408-0001.jpeg,0
IM-0405-0001.jpeg,0
IM-0410-0001.jpeg,0
IM-0379-0001.jpeg,0
IM-0401-0001.jpeg,0
IM-0377-0001.jpeg,0
IM-0403-0001.jpeg,0
IM-0395-0001.jpeg,0
IM-0375-0001.jpeg,0
IM-0389-0001.jpeg,0
IM-0381-0001.jpeg,0
IM-0374-0001.jpeg,0
IM-0384-0001.jpeg,0
IM-0413-0001.jpeg,0
IM-0385-0001.jpeg,0
IM-0394-0001.jpeg,0
IM-0383-0001.jpeg,0
IM-0393-0001.jpeg,0
IM-0372-0001.jpeg,0
IM-0400-0001.jpeg,0
IM-0387-0001.jpeg,0
IM-0392-0001.jpeg,0
IM-0386-0001.jpeg,0
IM-0409-0001.jpeg,0
IM-0411-0001.jpeg,0
IM-0399-0001.jpeg,0
IM-0382-0001.jpeg,0
IM-0416-0001.jpeg,0
IM-0438-0001.jpeg,0
IM-0429-0001-0001.jpeg,0
IM-0425-0001.jpeg,0
IM-0439-0001.jpeg,0
IM-0420-0001.jpeg,0
IM-0429-0001.jpeg,0
IM-0429-0001-0002.jpeg,0
IM-0423-0001.jpeg,0
IM-0435-0001.jpeg,0
IM-0441-0001.jpeg,0
IM-0446-0001.jpeg,0
IM-0431-0001.jpeg,0
IM-0439-0001-0001.jpeg,0
IM-0439-0001-0002.jpeg,0
IM-0433-0001.jpeg,0
IM-0417-0001.jpeg,0
IM-0424-0001.jpeg,0
IM-0421-0001.jpeg,0
IM-0430-0001.jpeg,0
IM-0432-0001.jpeg,0
IM-0442-0001.jpeg,0
IM-0428-0001.jpeg,0
IM-0437-0001-0002.jpeg,0
IM-0444-0001.jpeg,0
IM-0419-0001.jpeg,0
IM-0435-0001-0001.jpeg,0
IM-0437-0001.jpeg,0
IM-0437-0001-0001.jpeg,0
IM-0434-0001.jpeg,0
IM-0440-0001.jpeg,0
IM-0445-0001.jpeg,0
IM-0427-0001.jpeg,0
IM-0467-0001.jpeg,0
IM-0448-0001.jpeg,0
IM-0472-0001.jpeg,0
IM-0450-0001.jpeg,0
IM-0463-0001.jpeg,0
IM-0453-0001-0002.jpeg,0
IM-0469-0001.jpeg,0
IM-0455-0001.jpeg,0
IM-0449-0001.jpeg,0
IM-0452-0001.jpeg,0
IM-0447-0001.jpeg,0
IM-0467-0001-0001.jpeg,0
IM-0478-0001.jpeg,0
IM-0453-0001.jpeg,0
IM-0471-0001.jpeg,0
IM-0477-0001.jpeg,0
IM-0474-0001.jpeg,0
IM-0459-0001.jpeg,0
IM-0473-0001.jpeg,0
IM-0476-0001.jpeg,0
IM-0464-0001.jpeg,0
IM-0456-0001.jpeg,0
IM-0465-0001.jpeg,0
IM-0460-0001.jpeg,0
IM-0461-0001.jpeg,0
IM-0475-0001.jpeg,0
IM-0467-0001-0002.jpeg,0
IM-0466-0001.jpeg,0
IM-0457-0001.jpeg,0
IM-0458-0001.jpeg,0
IM-0451-0001.jpeg,0
IM-0484-0001.jpeg,0
IM-0505-0001.jpeg,0
IM-0491-0001-0002.jpeg,0
IM-0499-0001.jpeg,0
IM-0505-0001-0002.jpeg,0
IM-0479-0001.jpeg,0
IM-0497-0001-0001.jpeg,0
IM-0483-0001.jpeg,0
IM-0493-0001.jpeg,0
IM-0480-0001.jpeg,0
IM-0501-0001-0002.jpeg,0
IM-0497-0001.jpeg,0
IM-0501-0001.jpeg,0
IM-0503-0001.jpeg,0
IM-0495-0001.jpeg,0
IM-0501-0001-0001.jpeg,0
IM-0499-0001-0002.jpeg,0
IM-0505-0001-0001.jpeg,0
IM-0488-0001.jpeg,0
IM-0482-0001.jpeg,0
IM-0499-0001-0001.jpeg,0
IM-0486-0001.jpeg,0
IM-0500-0001.jpeg,0
IM-0490-0001.jpeg,0
IM-0487-0001.jpeg,0
IM-0491-0001.jpeg,0
IM-0481-0001.jpeg,0
IM-0504-0001.jpeg,0
IM-0491-0001-0001.jpeg,0
IM-0497-0001-0002.jpeg,0
IM-0502-0001.jpeg,0
IM-0489-0001.jpeg,0
IM-0492-0001.jpeg,0
IM-0494-0001.jpeg,0
IM-0485-0001.jpeg,0
IM-0496-0001.jpeg,0
IM-0525-0001.jpeg,0
IM-0511-0001-0001.jpeg,0
IM-0523-0001-0001.jpeg,0
IM-0526-0001.jpeg,0
IM-0520-0001.jpeg,0
IM-0507-0001.jpeg,0
IM-0506-0001.jpeg,0
IM-0509-0001.jpeg,0
IM-0514-0001.jpeg,0
IM-0513-0001.jpeg,0
IM-0510-0001.jpeg,0
IM-0525-0001-0001.jpeg,0
IM-0515-0001.jpeg,0
IM-0517-0001-0001.jpeg,0
IM-0509-0001-0002.jpeg,0
IM-0527-0001.jpeg,0
IM-0511-0001.jpeg,0
IM-0519-0001.jpeg,0
IM-0521-0001.jpeg,0
IM-0519-0001-0001.jpeg,0
IM-0522-0001.jpeg,0
IM-0524-0001.jpeg,0
IM-0508-0001.jpeg,0
IM-0511-0001-0002.jpeg,0
IM-0523-0001.jpeg,0
IM-0509-0001-0001.jpeg,0
IM-0523-0001-0003.jpeg,0
